well,nbr_dist,roughness,s_a,s_d
000d7d20,305.1211164439041,18.52134924173653,1.3895488677916654,1.9647056268230472
00bbac68,314.9882985128311,11.919536943082091,,
00e12e8b,362.1774187992472,33.11549461347478,6.478610618463481,5.881495479271025
015fe0d2,1026.9627514667427,14.080602126684873,1.3025513876298678,1.0241040996493789
01869cd4,355.1553380937971,19.479191782515063,12.559595567387515,2.4287520679413643
01982c1d,255.74532981355497,17.996960790071107,1.1993401321463475,3.4244347856313415
028d7b28,186.52634023095993,30.702192454031234,6.468991858474517,1.0353222628798033
02e7fe5a,282.78635512966815,15.975981740674328,3.853055446591272,0.7296448101724464
0390d174,454.9416852740593,23.064895912132446,6.224606464348374,2.3206702570522073
03a935ae,3919.079388383003,22.64082840660869,12.010705860823128,59.79488909978342
044af7d1,885.9411929388823,26.328059014245603,4.206344157587492,1.2135805261212278
0498acab,1071.8512043180704,20.963980707617793,1.7662007521668315,1.6989751547025265
052d64df,448.93706463174306,16.409584363547356,1.8027445487007205,0.9084465528628053
05948241,321.90212627447556,19.212980139983035,4.314448102137057,1.4771470601355259
059c8f24,3552.825600701497,53.576720282693614,4.847701006714721,10.76766185684941
05a0ee4d,631.5439938578576,30.40206846878465,4.550231023768359,5.55353569495547
060ab2b8,361.84293415776784,19.149952665982596,,
06df5958,372.9504060988204,15.102493935361114,3.089359784413247,7.467620750685061
071d7b45,4668.216471255614,40.828765901016254,3.8238815952574705,4.974684897361189
0849b4e2,202.58039851775825,14.573620645605777,1.968236335239267,0.8672075165543031
084d66f9,856.437020509821,24.58437994947188,1.882393337037406,0.7775044035504267
08fecf00,200.56817489779723,13.618706452911368,5.796444389477507,3.0230934083930987
09053135,825.9585164731851,26.226297031195426,3.4631093615574255,1.2803597319682012
09441b8d,334.4344629369565,16.82496172683223,4.952845386174857,0.9310586996688275
0955cd6c,326.16865158979203,15.063045481147112,2.2162122912569417,0.5965973292933933
09ec2ca9,334.6746905580253,16.340141224431733,2.6650713916682616,3.482835364983832
0a57a29c,345.1192548961306,15.5140891611464,1.7215256778887544,0.2741908965833983
0bbf5e67,697.2483850824271,17.63991911785233,13.206404677084786,0.9932096124835069
0be01c24,188.54391941503496,12.298857927989859,3.7217319583846633,2.018207570512842
0c1b160c,950.4188989070876,15.703694827969569,5.997218573367817,5.96078014275815
0d99f8e4,337.8511028542642,15.62488728709348,0.378337518800059,0.34042573231446305
0dc5e64d,236.48465193343958,30.900936449199992,,
0dc835f3,218.370960065665,21.04621231324957,,
0dd99dc5,351.92923801238214,14.325012702477487,3.1076903038086994,0.4704995567590402
0e5e560d,2050.682640732023,24.296361730912984,6.797611268383416,8.310079029530897
109d9d70,256.9757918560497,18.799084585425852,1.412563822177055,7.9909274124885705
10a1281a,357.847298438944,14.446762991670285,1.896613453657181,4.183253155966586
10b89021,307.06043981593757,13.396786913636419,2.5303170471269207,0.33980699178009793
10be2420,370.343378501623,21.389948345762036,4.4983881826906185,0.5505238011000023
113011eb,525.2983398033463,19.506434425193483,1.0889852565075098,0.9520244008715579
1131525f,725.0555156195653,25.645749280645617,17.60890453359446,1.3672550753805308
11d0f5ac,595.4894976401762,20.393908978847257,0.6916456348517349,1.371974283032854
12203f2a,220.80201199239391,22.68465029451345,0.9443281872275197,3.073704707327475
122bd617,388.94492379842404,19.00434948576359,13.518788792304806,0.9835545067206923
125be846,347.490108009354,15.400673934204924,4.0258603799143735,3.308081479728466
1285a37b,84.6246826826553,18.131301132166655,1.1161795856722856,0.25487438280109825
1295a25b,341.9295468510898,23.785236459566626,3.4609921873826073,1.7605987468047444
12f0cd90,343.58129613430117,28.98851673508802,1.540414185233628,4.102546226245795
137d1e44,370.59952612222764,32.398962150622914,3.3654503738578536,0.35964450608158177
13ce113d,4801.254845485714,52.57821386693831,3.092370922944921,1.4956303812091005
13f598d9,352.1021402400885,15.188549283691534,1.6673853212512089,0.5768055096140687
14a53cb3,350.926540161523,12.472235881000735,7.037149043943066,3.2093385140047124
14ab73fb,342.6824562185196,39.99375888322309,3.725692170803621,0.8845456164165333
14ad5efb,362.33945368961446,26.50207253098336,5.458998810227805,3.733293005804856
14fee784,518.0297658516956,22.934791222888556,5.861581256441037,3.4705153736980168
153552f5,373.8921685458562,21.333687232578836,2.3496129814905635,0.5815641048806323
1550491d,198.65899272677382,15.957139085643355,0.48965837138254575,0.5536820744743264
155887bb,77.38218154143954,22.177169243591983,,
1590af81,265.37291401806374,21.332586786050307,3.330597202300176,0.9843719853798558
15e154a1,40.58207732491934,11.549163102120097,4.116315462781397,1.8389844709841352
1619e2ca,1175.1101293496963,44.62763143064372,5.949178273789437,0.9519967861645539
16e4a047,296.96900632947313,16.406489864042324,,
173ed841,174.43499104258711,16.4221107499731,0.642097321742031,5.142617263830685
1770d7c6,264.8046109869803,11.243518671188864,1.4566922705674694,3.2592920394120637
177622d7,218.63457821093476,12.629372830887593,5.968707863323605,4.870960639042371
18d24f7b,328.7357747652214,13.154187304069104,0.010456853943576764,1.5861658736605941
19137a89,191.52736227471308,18.43059510535405,4.869363576813032,1.2446491933660393
1944513c,219.59627152393898,15.833995975892218,12.292300734874061,1.2966283414931765
197f8a5a,600.8389109677835,15.834301258651331,3.6334275148428348,5.955173459444427
19871e7f,354.8492223467268,17.97889942708894,0.4785150488562758,2.7332725269852016
198a5607,393.0046677839494,17.105722315573303,1.576582920617519,0.8733365995838591
19fb4f7b,276.18727794766386,16.06850810543333,8.068150997987013,4.956405359540414
1a518997,360.9705107070074,11.0107492223507,9.226229348536622,4.319720009991884
1a68190b,319.385970418516,24.990858883487206,2.3193874654766478,3.2235695572812166
1a730ac2,247.86455858000286,21.43995915195489,9.041341428762351,1.9379438203354715
1aaf1da0,382.5610238903408,19.656156120602525,6.633446035531454,3.3190054287760975
1b08ed48,181.71940567810606,9.91037128388134,0.3424144981806306,0.26355738966787284
1b1c5372,324.8424073304042,15.417123685511871,1.4662424195609653,1.376650718023937
1b1eba53,1491.5435293682312,15.959434122173517,4.856650578928205,24.72275345187188
1b6ba517,506.9330885315277,12.065123921219023,0.5891702682062663,1.129297435787237
1b82b665,453.68359062233725,19.819411875970772,3.097578320718245,3.1712150076150905
1bcb2fcf,362.88424146190624,24.38799784155775,3.18853272856043,4.82165141009108
1beca81d,1192.420564440349,27.123626347706548,10.51831769897014,2.0790690283663533
1d3fbf02,1003.2882553381597,25.188716937102953,0.5957561022212522,5.095416183159345
1d78281a,317.12254166473554,26.20449597872377,1.99568011726193,0.6399040223931438
1e30dedf,353.1963841831488,31.62759663252968,2.521592763583474,3.2180099571893543
1e5e3573,325.8128685300917,19.54033071903783,5.900922079547034,0.2920045319900307
1f9afacb,186.87333647606255,13.183216182228707,0.6503916970616063,1.7235229124102711
1fdbba44,313.7280990712659,18.917137184712452,3.7224921667986783,1.3229094109606743
1fee2b62,1242.523569675893,36.83468287497534,0.5316251510279106,2.099733759506643
20096916,351.4928176931249,17.819694501011483,13.401520706551878,1.7065673748194994
200d233d,385.9091621521035,12.24350758617442,9.622916978899841,1.0134872581635122
201661b5,1965.1563536231633,26.885399898093873,0.1797207599850488,9.689790030227245
203721ab,687.7042589439444,18.8132010562896,1.0055188083156457,4.336995879575204
20402d71,507.89256542717374,17.762338130420115,4.106684557677015,1.793350555928586
2043abc5,1074.6322216057897,20.209799155910055,3.0098829412786143,0.5251751510626574
204cc64b,176.48991047640598,16.053128771656052,12.393155327508117,3.4486108583863104
206b6193,1752.2193012273633,21.153146493521707,7.393612657657813,1.4658215853404633
2075c696,1516.1914398692638,12.470083318428657,2.9205850292911317,14.063503674461689
22c5f93f,368.0244714472284,21.694585522040263,2.1490774237067454,0.936117499496387
230eaaa3,481.7933113897843,22.493333040036582,1.3051013689868214,0.22971526332022651
2364716c,693.7134810500011,17.92618091681672,5.36470982461794,1.0255654670502352
23b9beb0,50.163640791053055,17.36269708311447,1.758549233147664,1.8045188330636233
24d8997e,373.7574332370832,11.508388499671629,1.8178398149787607,9.919178950989263
25050f63,537.8077763533324,24.94631617843656,,
25939962,285.48462275051713,15.30132015342157,1.4048608858265343,2.309418446094215
25fd32b3,898.5061977528808,14.450526320431997,3.919667074655249,3.457449459002606
261785ee,595.4472028653383,19.47591749082363,3.318054729195054,1.3490289698505618
264feceb,330.5406686022239,26.775525664482632,2.0282878991415734,1.9980009468765492
26623a50,485.4392143754726,21.299555230120255,0.6010455956755774,3.5603916059916725
26d3a96a,186.20849348383496,14.315984098708928,10.770298385598124,0.9587744450751087
272abef3,479.8728101490604,30.607395609281888,3.1793520718813713,1.2426293653050804
27300fd5,102.90850159241991,18.423989954930224,0.6872804439255866,2.9460089288353126
276b012a,752.8950913636339,14.494937249239056,2.9246116045350306,5.837860811841888
27c3155b,176.14062956294202,34.86138314650945,6.789889839198155,1.164723019479505
27ebb9b9,196.4599105791729,11.986031030941533,1.0683696745351177,2.3061752770449346
283269ac,442.097609584153,15.614986178648326,0.2713782144277498,0.48320916824301136
28473855,2477.6680981320965,11.01270173978096,0.5022226071875119,313.21239444127787
28f4eda9,524.6166342196093,14.798044093202849,13.147075727935999,3.776180674167991
29b24409,348.2219417184332,16.32871454351485,2.929197944626454,1.1691949432917523
29de15c8,187.5748717178707,12.364067377257648,1.8923952703273397,0.6580620241057802
2ab29395,379.0328134871796,12.431048562344747,3.8592447414683018,2.2257248888231955
2ac7cb6b,746.1747058500704,26.35681238284284,6.741807500994668,0.7288409374968584
2acc78d4,512.5628992622027,18.81636545628243,0.11440037121406793,4.549893350599266
2b034622,552.4818897487673,32.90770919722877,0.2181539860191768,0.9093758878213875
2b06ad65,191.30094406489803,14.554577404978001,4.099974648486284,0.6556715218342596
2b547943,370.65430646359357,16.966227068429177,0.18625520817066715,0.8421513464302354
2be5c96a,551.3003741154142,18.137176211789512,1.3432714989102257,0.2662146505536994
2bff06cf,869.0690555417332,38.66089608296084,1.976389860068449,3.825925335303395
2c0c4a4e,807.4089396704621,13.917627121559956,9.015434540793665,0.7718748588712867
2cee0cba,340.8778222472052,18.580173982887676,8.127950258354884,3.5610643980566103
2d0c268a,1912.170257479152,37.5304227945397,1.8257162841942411,0.18206327024257413
2d179ded,733.0647508916937,12.994213555944826,7.160448724807592,3.6506204284864587
2d196986,351.10452531975875,11.65674025443532,2.2075806711646337,2.2587054174317998
2d2d0c6b,734.2913057500683,11.445973619984288,3.517587595083713,5.63408699353018
2d35f86d,888.026458446103,28.966021196988223,1.4291460419046433,1.1850916634272777
2d9f6cb9,304.29351928246234,12.842556074837162,2.50785807407384,3.224483693510588
2ddad940,191.4816631737442,17.06757985026524,1.1761720702290606,2.3798174782154122
2e29e833,786.2869476850938,39.19584786982373,2.425318506879245,1.8549222458249304
2e43c2ea,300.06311486084377,15.961082344545915,5.356674298664913,0.9561566144841198
2e63d9de,551.408107303482,15.657312676011045,2.945619938640406,1.8325985669551763
2ee0235b,340.8982877906816,16.055832003409357,0.6693695976055741,2.0652653474125158
2f19d536,1884.2675869419454,22.698785201181472,1.4567316923106053,4.747775888209871
2f8e53c3,38.966537656516095,8.712231741436742,1.9820852186130846,3.0353412238619213
2fa01aa6,865.5821735415043,20.62644416013187,4.720632592124426,9.248148200025899
2fd68f7b,255.4399012640775,23.252987971643112,0.6534120128109486,0.8027717118471792
2fe023be,371.79026036188037,30.26690044421462,5.417604299237094,0.30314742642677256
30d75030,393.53127054890916,29.384622300352355,4.061960070220457,5.254019056052963
310c71a5,337.6281297522773,14.348971966115617,9.063020095522178,0.8377966645419928
32fe84c9,949.3236013606511,14.921487809112728,6.7273676505471345,10.407374981490769
33c40295,757.6647907446234,42.54117856900372,4.209798149402294,13.287765437805337
3407f5bf,469.21939612476154,20.393659247423034,4.586421029205551,0.9902821902354513
3417285d,306.1416420548618,15.146730760608754,2.554620128316715,1.4300518360932502
347242c8,1017.7957053420855,21.449442963719072,7.381115048604493,8.174475410304007
353e5502,1119.3079973806377,29.061063506165336,8.215233860393493,4.363797482298913
357c12f9,365.4144567474846,16.95703965171984,8.781507937349575,2.327690419154665
3584a6eb,355.755354141283,17.4620366796091,5.836158724359622,4.161978566332228
35b30c7f,338.0457227172293,28.933306168832146,2.5061756184200537,1.6348670030929686
35b3ef6a,850.1230784356437,42.015807028240886,5.924821343681047,2.1658645657564897
367456ce,329.24748510650704,17.038523295700273,10.000697528365068,0.4159711435277069
368131f9,662.1171335903505,32.16168209571323,6.876838419886749,0.7688588797278473
368fe682,692.1183133449849,23.44864524435485,4.412194032129162,0.9426430218869231
3690a146,336.2718996584961,11.400124845122551,4.720589185573699,2.94945449031256
37344c2a,359.9855650296524,8.053732112452282,0.5247326795872318,4.274427379099999
373ef48b,354.4300738544248,12.729069905080824,3.153771097497186,3.518673180670047
374be387,369.81919640092735,14.644356820018675,1.372928280275024,8.860751772741356
37d36812,353.97348922724103,15.022310515834471,9.712969015283482,1.3337802307451934
38991fd4,340.9392530720486,14.364178229692076,3.8247968071669076,0.8036804751142874
389ae58f,1009.4319111755506,21.905492667008772,5.518632562251387,5.932787190577941
3932faa6,798.9271466784625,14.635690056758484,9.03162812854688,13.837046920999722
398dce4b,397.5747594096571,16.020772618497,4.621439521215803,0.9408251568188799
39b51819,749.2296116009369,24.590162285963178,4.017797605176036,1.0539196716219237
3a0af893,331.93925335146986,20.08584751075227,1.8521643506858556,3.081781671590769
3a223519,172.15504463149009,18.58108173587532,0.48974369713948573,2.618746616867763
3a7dd95d,3268.994352962412,17.865240594080472,1.5977084284129217,25.60544236165922
3a824aa7,604.2695406025109,17.799289267762756,0.9439742941572012,0.8620754814957524
3a86fe8d,317.7396603281798,11.731857362221774,10.944654056632618,15.046146666041835
3aaa2b30,416.5043152153082,20.425762663963095,5.236835677399087,2.2521368459767444
3ac16ad0,521.626677615471,13.275856316543408,4.397448574827899,1.407585747413256
3b21ea64,127.98884634906611,10.917454910711236,6.440852180806013,0.39360890721803365
3bbe1f5d,689.3024508392282,16.8204760174539,,
3bfee975,269.2805897201836,20.483637372302763,0.4915665357135072,2.492392034832612
3c3dbcbc,365.81220455311814,15.280497578613295,0.4872933637303435,0.6980757033197186
3d96d897,340.30087936966567,16.090894637476907,0.6042958195279815,0.5009663753581375
3df4b19e,328.0357502032658,20.17420300688046,4.809928858620875,5.339082951448652
3e011332,359.6359172210457,42.388724324424274,1.3875624712609602,2.8390334541218394
3e678ea7,415.8440832808234,11.5117987707178,3.8060268842804863,1.8255495738935261
3ef6372a,489.63858901664287,23.48649591221271,1.3595129074856211,7.724129365442846
3ef98781,192.33830221783646,19.23188039265784,1.0763581435317562,1.6571032771859004
3f603129,755.7934101985215,26.811357952076694,4.211113844602951,2.0135149369437624
404c4384,342.5175277354409,26.888242220217833,2.970422090977307,0.8875001099054791
4121c517,170.1547864847248,15.441253990153978,6.209532481108819,0.7942642382110119
41fb0192,225.3546524254645,15.931284162275036,3.2899030472492305,1.0966036627853237
42669188,360.5339408433305,29.861131868774937,5.405250628691957,1.6682563301031814
42c538a1,2159.2764399675157,105.48490568671143,4.814843145929263,2.6286742234105493
43b06c70,382.29408784327546,24.921297234682008,1.889149239336386,0.5178752257919607
43c7f85a,616.7471639791953,21.69439340656131,3.9388938982300816,1.2587329950158603
43e16325,1784.0159830218863,23.448371178772774,6.436107209816986,15.068088785346616
44441e54,74.71908025257395,9.694037122928373,2.274546632918022,0.822221440468508
445af6c2,352.5304419481436,15.838577903334734,11.679172204255043,2.29755731343943
4463446c,2453.4343623787054,25.873995202410697,8.462687357155257,58.21548570327384
44a94013,554.1595415153284,16.618814074942158,6.115389076881639,2.4146589227685253
45fb3e21,245.64497023123914,15.76227993502199,5.749218639310047,0.9039950133184227
460f859e,516.7445151740792,13.087426440317762,7.880553817172371,7.694389623795786
4630ab92,195.65780883195555,16.035577737429325,2.7740338493735197,2.740151229043721
463c38f2,478.5619438483943,22.01973034824393,3.235674651005168,2.6109593995196616
4654e7de,363.3351302744676,17.943475022082445,0.983283716812965,1.7351015278123252
466fc788,330.77720549872845,14.301103496306723,7.757856219665457,3.4203167304760207
46a301e9,634.3037816379849,20.264916882385638,6.739591926100813,1.4966082036383963
46a7190b,180.13256590624405,6.825272773853153,2.580253408430172,1.1218114518056663
46d24a09,327.70038281921387,28.21641504044006,10.215980075286922,3.300152849535889
46d41ff6,661.7898819228626,22.843563417415176,0.8579310869762243,0.5507212114310825
46dfcfca,188.81380378538543,7.06842616411174,3.0453987706559897,0.49418769747046687
47222616,357.99143076325527,16.205225044719366,7.164050102324478,1.3888450668596413
47ee27ab,72.93455381476423,13.108761572943399,4.263181993851367,0.40081392088921236
481de5fc,496.7843994302573,14.155702112791161,0.9668428119618698,6.343378211960184
48c1f673,184.02997326937526,32.355392010205236,5.039865350194262,0.48447042282707053
4936af16,324.31559665700604,11.813012982422979,1.7928076495520118,0.49256752069820525
493b5b31,193.6448563737405,28.629405310580694,4.805842116880468,1.7705453837342826
49dbc14c,368.30461848880316,16.89143810485066,4.533228088394411,0.7986911240263904
4a035ec2,401.87311401844875,17.18085485152813,0.9512476174501542,2.7149830325412836
4a335117,302.89217900118786,16.178655003874123,8.892571116723813,1.1878692721918613
4a8ecc0b,841.9303057262716,22.155163187378434,2.0484391204491477,1.9423880906369464
4b462989,356.7684864277042,20.89023876596319,8.287316832546555,0.6808203644715383
4b831d20,278.0213634776668,12.406409695382326,7.906636987208104,6.952112628885697
4c2208f5,1866.8462261731306,15.07248984043705,3.901484912033729,12.701753052346378
4c3168cf,161.03960574705928,12.733366191608518,11.632837071211853,4.49053746685497
4c3df468,538.031876805322,39.746803332055066,2.2501914166945034,8.692619077001694
4caa7289,335.6030110938266,16.720503307597234,3.7497355828350076,0.482533954649436
4cd1ac61,388.48909186748506,25.609346926464237,12.7876396001005,3.6658046429951154
4cecf7b3,321.2278171328179,15.811357060966538,4.1147967993313905,6.890554532025152
4ddde4c1,179.61714979368105,14.225304574397693,4.24462033237374,2.291945011863065
4e050c92,340.71959720386553,12.933962512533625,8.846551158010563,6.566339524813031
4ed93db6,358.25632401939106,27.44786716867774,5.968973650201301,3.7272076319812926
4f3eb9e9,378.3023712588053,13.705562226245847,2.3362641016866195,0.6790416547071282
4f4ac5ce,357.1937879302651,19.044270505828912,1.3396109549907265,0.9703035954210302
4f4afcc6,354.0415300500322,16.50849648665796,0.3705732691437244,0.863000658139642
4f69febf,515.6341451068439,13.12825446258492,4.865982983333805,1.4255656157942895
4fbe9c06,344.7916711581253,16.042376889039897,6.894125749451916,1.7598589039356518
504c8b08,396.70711253282934,10.915411614047574,7.290284111915016,3.17260352433219
511e1db0,239.49882212616814,24.752464389619462,9.618051467912679,6.4520832963209225
512943b2,371.76152369505945,24.532329490579578,0.6745674629976589,0.5853389717316205
5138a660,375.8795681701785,15.98729421972416,18.0771556276818,6.476589534323967
516088b7,349.8262856050288,16.310337548239215,2.2112857941756947,2.060966252280175
521a7819,340.30595116358046,15.781540987527029,12.507635012459076,4.197537054940608
5254b6db,444.82783782047477,24.32940882932395,3.9695564336049443,4.7138689939725475
529e88ca,910.9902155895959,41.94196100994066,4.427740882006271,2.39503612051058
52f1e77a,349.20195775518687,21.354012759608047,4.010129773882755,9.17719309254233
5305524b,571.1318615696481,19.2246485561991,19.261120247573544,1.8439740517834227
53134831,331.5069585774546,15.210596913629379,11.727579131905438,7.767838219694925
5397ceb1,821.4299544087224,27.443248593403744,11.767123620711194,4.471880182983972
53f23031,50.19805117921017,18.115610746932372,2.1588949250246263,0.9165015824257314
543198e8,864.1490103036567,39.364885082296325,6.244333320754438,1.8262740046523789
54753541,514.7632808386666,24.268385169805008,2.380841309035732,1.4965073065187757
54a7e3c2,397.4762612704757,18.333212506616206,5.6889958306162125,1.954091501680393
5542c301,381.3005375386475,20.626279261206633,4.600555092524533,2.8861375266668583
5567d551,384.52130773220136,18.715406754863952,6.224497823852495,0.08613833849351377
55efee7f,440.311090594014,18.956171653316538,7.027386965364658,1.0499828956183133
5663b2b7,56.69663154386769,9.654766617868635,3.1679132611836818,1.363460943239968
5693dde2,1118.8388045197223,28.33750501075153,2.2597506805610545,2.4527629106532656
56b00794,345.80632397348757,12.958450533700942,6.1497575207258945,3.3728771588380533
57796579,347.88433853797295,18.98644095754587,5.774117673346699,5.171831948408418
577eec7c,1184.9656318496354,43.80339744511124,5.639175642156392,2.932862655921815
57f05c51,60.17787139234047,30.085759973022174,12.701769572754074,2.1690962745454234
58850d2c,864.7678622643938,6.752868009297417,6.308331110868199,2.8610866347969446
58fa8486,395.239856289715,13.33806710075996,1.5898057766302214,2.1611787508294826
591cc951,463.45124198781576,22.361271346906936,3.9843274235824193,2.837071124337657
593876b6,176.86750436408025,14.453373254625017,2.27047501283761,1.2551431433151328
59f8b2e8,775.6752949848653,37.04024205171973,1.0138631149432624,0.08661222399838693
5a1a8fd8,504.96630719257695,12.31566279174623,7.44236908299802,1.8097647233874106
5a5269a9,637.6354487297901,25.432613712207704,1.6045109931042951,2.6686336130852357
5a5d1982,340.0047112912125,12.788941451015464,1.2478442280157784,0.45564664007006594
5a63b5d1,407.6739821228263,41.035880926787804,2.212612087193175,5.684451729106471
5aa03df7,1191.2943318087257,29.36149197397002,0.8624809665854951,1.6264746228724332
5aa403d0,377.81783329976093,23.98478816824681,10.053187575828183,1.4690329542735687
5aef5c6c,1588.7505579413942,32.24756051214381,5.397832093011844,9.812902978641997
5b7b6324,996.3942010920534,17.361904597422424,4.041858263054783,6.8950394572666385
5bd25f59,303.73835055862816,25.76191756225382,0.9080463507896396,2.598742077973416
5beded95,2371.3520762637327,22.377435586713254,0.9879893916306487,4.0483186067482215
5cb483ac,201.86367602889786,12.924291672442981,0.9125965702324653,0.812935425722516
5cdd8dbc,454.5217200530403,13.909528883107502,2.915142077726835,4.330042065190192
5d11dfb5,185.90753454347424,13.754071613071828,0.8870221017282248,5.175697303359719
5d7198fd,364.517930726877,23.606148380625395,1.3508030283106223,2.9213665943656384
5def1ce5,336.2201186723232,11.476978162145947,4.516951901184119,1.6409707065057813
5eae34a8,680.6699811747754,26.62878293988249,2.155856338741952,0.6519219888903675
5f4d2a52,711.5325839342562,36.88836608924794,5.709046697676336,2.534919654107987
5f6756c5,482.76127382153743,27.018115543847237,18.607111371325356,6.64702722853208
5f75f796,374.18168416445536,37.478430518036745,5.026575502533411,0.09501972244404401
5fb1c15f,720.7157649168616,26.90044490222234,0.3609782031618156,4.841796470311216
5fffa282,273.5689881914221,14.811179687992178,1.5586112394158558,2.383278644425994
60e37807,364.20106493552106,39.30541219392543,1.9537553125779759,1.997936609098546
61f27424,366.282708437046,15.010663657463592,1.2113721287733588,1.3442989195515507
62569ae3,345.87818111687966,23.076094761413884,8.057788222020939,3.806635179953024
62a6f539,330.73434445185694,13.172996289758862,5.1995894902724675,3.4968000143243274
633774dc,404.93606075504624,18.20871730621067,1.962122758941227,1.2510547264660656
63559d57,269.76898153781326,24.184357991982722,6.1536682647504,2.684660127135945
647f2a41,335.8490925996246,17.326229292156455,0.8066636286892842,0.2903838061398445
65156b96,721.8934198345094,25.71097549564184,1.7442107694384203,1.4079817532952554
653612bc,330.2496065102193,11.834100026512193,0.6655182280548587,2.4072459344173938
656a067b,180.00871006707152,16.2996136840723,1.5007943615289687,0.9145195140724178
65a5466a,268.5656195423553,14.601103340159078,6.3802900019434015,1.8440020104526529
660d9546,372.61288353771664,15.281877939552249,4.168926783185935,1.7416624858077558
6767c111,532.9290116860357,32.00610292131779,3.9320994508503384,3.702665481853675
67847288,366.17351529036983,14.612252510735727,12.90508054636106,3.896597044362592
67a8da4a,361.2239088495886,12.941894916651348,14.354225242517249,5.267603427653261
684a6fc1,68.68822679341717,11.823391473578965,4.198052141050563,1.788999941570787
698930d1,174.1923739147459,12.244046698905068,5.704092542549833,0.6704457989939029
699ea575,293.67746939913695,14.268700325690961,0.7735721108873332,2.0536096314267063
69c1bdad,511.21382361966783,18.191251320604046,10.261496695261616,4.702107209914372
69e41fa6,195.39572172616076,15.65318141148462,6.8394726575785,2.8166674849599573
6a0ff78e,327.872820618014,14.84511587136935,8.018252910287003,1.9980640395991816
6a8fa194,513.5176118693408,25.332485805964048,5.455820298625213,1.8910224287549322
6ae68655,709.6030006278136,41.51441928998134,1.2985683727057917,1.9262805911614014
6d1d74e1,544.7592416838388,36.197837291879395,0.3253571974542552,2.6402057727303356
6d590e26,208.8729989729564,16.209324079349315,5.119421913820072,0.7458837411547402
6d6d93af,776.3487161717634,38.78856266168382,5.5171901347939585,3.9727024602876746
6dbe4b60,372.4574942192034,23.94878324153454,4.155226267404647,2.5363026541151785
6e6d122c,358.32024684613924,15.250859389207282,3.585985205821889,2.744041877537228
6e9ccd38,510.54810272894764,18.154604432742836,2.213630973154449,4.4060036175353146
6ea22614,353.7948708016296,18.74116208992607,1.095981062699648,0.7186965160646952
6ede926a,354.9794833604192,16.974741544313225,12.024281235802643,3.6803590993032262
708caea9,356.26128407951944,25.33312980977462,8.119125262849835,2.447656589460929
70925e23,2925.8903653720954,53.60421286717457,1.2489899884264783,14.564544725934933
70e1788b,721.7575726655883,12.690532334677647,5.177600021547812,2.386973844723751
71642c7d,172.3901461798182,14.778236096008653,1.5519757114476174,1.2211601966159609
71ccf778,530.0785455949624,21.372724431138344,3.4548029025158895,3.131311099908987
7224331b,971.8301216259989,35.47719037789451,2.9665382452735636,1.039214339959327
722cf0d8,598.9264093465424,18.665424947750477,1.8173773269697293,0.5647278523824698
7256229b,704.9930843632087,25.05918069509387,4.17679739072365,0.3207759691839788
726f3dc2,190.6870753553943,14.188975576927902,1.2679269807974407,1.9243976377443357
7271dd80,801.5286802925824,27.111732601118106,,
727a3a10,3348.5337283043873,16.174088652842123,9.686861943054327,83.26940155817695
729665c0,341.6245712767266,19.638444906849823,6.028218110665328,6.733043784646529
729e9750,525.656752082384,15.045615632522317,7.1518069347382385,0.49119106729655404
729f4217,360.32908634233206,16.33195166357625,0.9697771478723214,0.37070928047181784
72dd8501,183.35603998334506,11.587005699547092,4.694234386608992,1.7002393952874701
73348914,178.6197763410622,16.691714811827218,0.42518822072275164,1.8418454757484566
739a914f,336.5117113434685,19.68752062664332,0.984061608172122,1.081480162286185
73b1447d,249.04413263498046,12.421835723208183,1.3261663330281177,1.7488695907758494
74b6186b,320.88732679852404,19.746584989562162,4.686913800143258,0.6056949221240338
75c20ec7,922.2356450942932,19.253937427921358,14.953651337700915,0.632698626351115
75cd5f11,169.13675565312982,12.457776417810734,4.086867750600627,4.471042495565695
75d20a82,64.77400250102576,9.619678378686707,3.641752673047114,0.8629783494063203
76201745,84.4841576864232,16.034799643568316,3.518220680509066,0.39004381611286637
764072a5,324.8308165901143,11.61951397011524,2.192419754846392,2.9386848793070794
77b0d905,471.51871673485834,26.25262983346693,6.365905777156109,0.8672869117695121
77e4821c,749.3384541342219,12.914206582088891,,
7850c72e,46.96115096532208,11.704884597359339,2.497289744775852,2.0701203953872
78a4a386,61.345674751644815,12.94090794486631,4.6256030004794795,0.35437513845385943
79507629,355.6290384592812,21.709150055253325,0.6243738647674743,3.1505545021894177
796dbd4c,370.23629171095985,17.780727233088665,5.908884660926187,1.5326125982139576
7987f2f2,273.39065774162316,19.954058224936574,2.765776015574545,1.191514148597353
7993a768,294.9610321719274,10.743863782846885,0.5301852683097484,1.729818814959685
7a5660b0,438.06051351881047,30.743022410421027,5.251168927976072,1.1974566689268975
7acda2df,342.3289482353714,7.466279795478743,3.394375376802237,0.6839483936549321
7b2c7b3c,682.6687082703473,29.90629313853932,1.915398158531452,1.0082191800269291
7b38844c,143.3906979457044,10.562538307128158,0.958479320953568,0.45062176084963335
7bb17b96,665.6020161215563,23.043129458350396,5.68639382581446,0.3026535864023138
7c607683,369.12354165563,17.957814629013154,10.492569118453682,1.8534387045005791
7cbbd047,627.2683108785798,35.945182372802606,1.2692973711181432,1.445302364097136
7cd4bb31,375.364551469716,12.929672269628666,2.6943271452136295,1.7432935602713915
7d50373e,349.66990139111306,24.194802377977037,1.068488288294346,6.172722560314703
7d57c75d,160.93424029684016,15.425423768490106,3.7998884261620036,3.394108427610987
7e208414,884.3126022508649,19.645125180547463,5.375055181419718,0.37251491554577615
7e721392,409.9744372022101,10.307452167718651,4.574384651691721,2.193483467687385
7ff89f8f,511.61587540394646,13.111639760393395,0.35958752024147655,0.34748847726788246
8050c789,710.5349377051192,22.703451245074863,3.8141945162375706,0.4783624171066227
807f0298,610.4008879331163,30.643765366863423,3.8374063037578043,3.1806897100934783
811f52b3,329.3187003497349,12.782582632238286,2.9594893404403018,0.8126782813271793
81bf5923,3834.689834359019,16.174088652842123,8.837914114623354,118.94115165722171
81fc01c6,1070.6106338776426,34.2019705150065,1.2111471834592802,0.9209694911361543
8255c867,337.14429684799217,12.771708564336858,1.678900827831299,3.0100005571256654
82aab6d2,183.89436961374565,13.814103330463006,3.4537052979431895,0.6668373372473867
82fcf37c,504.95279393210876,20.45016907593625,1.4860843726347406,2.416854430256628
833af382,353.531705650362,7.970553521399812,1.545864010806355,4.14076958293901
8382f4b6,313.6593219220503,15.995427739208164,11.403699767086056,1.3096792063990406
84633df4,258.61766424795445,23.391311646181805,0.33358593435044454,1.549860176180169
8478df29,260.4990243743815,23.626513046787434,2.6393650273778477,1.264440463021411
84815d5a,194.7083585775774,16.931643071756813,0.9065606872323909,0.3764814840083345
84c3b497,406.6733757263225,18.673230049892723,12.51231020444992,3.618719656686355
85380836,332.65308130246854,16.20361644625967,7.6597194894476734,1.2005121054099537
8612b37f,769.2333679819142,24.2244204107979,7.742148626593077,2.3490118674330134
861e71df,245.78953130650154,24.53026319671284,,
86454a6f,780.2437855554871,16.839770529445374,6.559222980551029,9.751038139682288
8648abae,494.6949625782926,21.363636663367313,6.894416842790738,0.766307992611689
865033f8,260.4334076095731,16.62513700097786,7.893485197605664,3.1428335820757494
87695469,454.0752221825917,34.293583987888645,7.708627195616662,7.8610491506327875
877ed19c,332.15314713189514,20.275296994855303,5.708735113801635,2.4813306374741573
87aa3730,353.89770838477455,16.15445178580817,6.3593554331428255,1.1679095872649423
884ecb5f,330.6495037236032,14.72177928725417,3.6690018872282453,9.092696645246866
8902c3f6,514.1230197122959,17.035145110258053,4.164295229182146,8.74144248749388
896d15b9,266.4366898533449,37.45402101556493,3.3083903520160214,12.283465104145385
8995c945,351.2159736500669,27.334695131639393,2.8356352456508502,1.138674251680143
89969c7a,571.6095691089274,17.148861079594184,,
89f1085d,690.7667833116504,33.19490750076529,5.576453448164776,9.015122739457855
89f36adf,323.85775658481435,15.200851076090872,4.189929580567474,0.621224319240921
89fdb2f2,39.23570440297356,7.791633709266085,6.079454964211589,1.5009451038267887
8a3da6d1,218.38814199236992,32.578272295506224,3.9994999060818683,2.7925007620687365
8a89da23,456.10446198382795,9.448324940799726,3.647176922796312,1.1059112847427053
8a9c8932,689.0177414264656,16.555724168225822,0.8679524429936482,0.618464694681759
8ac2f237,501.2839706709023,20.391243043987586,1.1786085207199175,1.7284910170093741
8b12bab6,492.0002610770456,26.516792961901867,1.6566754833971629,0.7683253950268141
8b5be31b,387.0920453845812,16.569462074476146,3.959930680583672,1.2593863959034357
8b95d6d1,51.974410343425276,15.725478906595058,,
8b9d8326,1047.7856145386259,27.606324196002763,2.4391726918007284,0.903602055803841
8bb9c1e6,329.8770074006746,15.110943745374843,2.0285673385385006,3.061721215742656
8bda1a11,507.20193038510763,17.342139152059126,6.390010275091588,0.8226291783107776
8bfa881d,317.2767123505973,14.161673947114242,3.311718431866532,1.6391759590402186
8c167025,1247.000973581179,32.380446543544906,0.7367327298331949,3.454573985951444
8c8348e8,175.76795669324105,6.330514610549078,1.3729816781457593,2.6626013347136275
8cc21f01,1380.3642709445805,28.516974742028754,2.5199261954074914,1.9927205105468262
8cc800b3,1134.5127205260387,45.79346099598658,3.5270022014831834,2.2864159319187918
8d5d46d7,354.44344876193543,13.56403788410363,1.7101776731844078,4.811214924357687
8d92cb49,388.47395721470616,22.911251839832065,5.726057601193616,4.464468624834329
8f201368,351.8327384764543,14.545122446547618,10.325683434456806,3.9159577876205
90386ee4,345.604337067753,16.175522197424606,7.375934410888423,2.2467841202859553
91abc4c7,340.7538035003128,17.020455696290135,3.52025109954374,2.8389698111991435
91b301ce,1924.6397989181796,39.514365356541575,7.635536346043923,2.9001209097899117
91db7070,378.49437578415893,16.210077112709794,1.5215536467701374,1.7177782902812793
925a7cd1,374.90008169195113,33.35548727633621,3.368566643196302,7.884289025614872
9283ae69,466.3711074300826,22.54158144386235,1.0402126121522117,0.5615755430199608
9298ad5b,734.4538043495784,18.27173324940756,1.3933182438133864,2.22029901121424
9314ff13,521.6860326713029,17.061674488130265,1.1294574546555671,1.2798148026021638
93209a3d,423.7472685455599,27.41104496252375,8.845859332938824,3.2446006196103037
939d9c34,632.7984398326291,32.454690387823675,,
93f5d2e6,468.5258136965245,21.297284075308315,2.32086808683195,2.6800508881950074
940a48d9,388.1407439317389,15.717428908201661,2.880256016241877,3.019521124266817
940e709a,379.4891907187324,21.729811095229728,5.150849669675811,0.9140737675494701
9426ec1e,392.9262171932605,15.37574658952886,8.752879862214346,1.7150512262687612
94467f50,1127.7653416378123,20.77228697688362,2.0162634403439914,0.8383766784945027
944f36b9,81.95585946105115,15.065665422057451,1.7428594514065694,0.8482855025281961
94d813a4,174.11381335224382,16.068904061396754,10.915759548781994,7.116729849478046
95b559e7,261.56096287481597,21.847068167147835,0.9247048373102561,3.0089782896141024
95c8427f,397.46159927682936,14.705027201606669,2.791164004497164,1.9958469332861883
96936c22,285.7143439752452,11.5499822207704,3.1427924512137473,1.4264937984030515
96ae5806,291.4800619251922,20.987549545802157,4.036168527573586,0.5922171084936935
96b7eea1,348.91188290870633,34.99704207926747,12.770834905414116,7.660687668397723
9719aa04,184.43345141268466,12.217937057355625,2.110901782377412,2.8009604495633758
974802e7,995.7642169210739,28.523525569913467,3.9555187402756578,1.2130763626456889
97cd5bf9,1044.6147715786478,20.037906226387506,5.7241324224985135,0.6301509274964904
98177ced,163.0836172016584,15.092605120414689,9.960862223487847,2.001205138715232
9896fc0b,586.1647108005545,23.124997985400444,3.640560344173059,1.9656955709544484
98bc6f66,540.3388604386861,29.18194987380918,7.399359773633482,2.860102181307095
992c99e8,340.97618306348784,24.184642630259997,1.697008372973729,0.5576854800918792
992ce078,506.1534512376947,24.48716684784853,7.062949564573776,2.4610005488970472
99529c45,804.4444408408851,29.11257320058404,3.0598512310467747,0.87244642753038
995ff498,700.8144099264733,17.37596389238154,4.471985456324381,0.23037259963200535
999daf80,362.144304438756,11.692464988188135,2.317104051707682,6.7438509426112665
9a6b0392,254.56169586137617,25.071092721187462,9.706628877001124,2.446045113015989
9a8ae0d6,382.13638730181174,12.372627992366667,4.913225197576231,1.9469097532955495
9a95e33f,397.9318128776789,20.391361184028455,4.446986026762402,3.6423087541531594
9ab94eeb,755.7783895429905,33.26664771208554,3.2271460648901718,2.266464103659039
9ad5410a,357.9191095761816,35.39814741246176,9.60590755521504,0.9298595816504498
9ae248be,323.59281280650055,18.051545813309293,6.4601337425793774,0.26336099679157166
9af1ffd0,1746.7791658202166,28.440957469350508,1.0372117334271203,0.57732311481496
9b5b61c1,381.75714651148553,14.569230896537693,6.516714641605223,2.237751933152769
9b9e3b49,324.4647621245143,19.487591669644466,4.990740145317112,0.9295324136375115
9bd2bba3,357.2195292815028,17.080003659250217,2.0401981861431704,2.959494165543876
9c211c53,996.4029408329106,35.647099022922184,6.036286288201173,1.014390715388744
9c350a6a,1278.0239516142137,19.78145991199844,1.457321589231581,2.5357711641743172
9c8375f7,333.1580125104317,8.810801520718632,2.3671548156336866,0.4513493053704535
9d072e4c,400.32008206365657,10.249485345401565,5.833807960427261,1.760474203704149
9d3ec64c,1694.1235558539433,23.708500576994997,,
9d4272e3,1362.2831852443485,29.98974887357341,1.896650857402385,4.264047500648
9d5e14d4,568.1703889923608,15.97809305431579,,
9da441ba,361.8889256381706,25.730079921530848,2.8977634202097313,2.016982514918875
9dede370,189.7596569345968,11.602145662952829,8.287332798605972,0.5948736129550639
9def2eb2,462.99456692262345,15.848487100016083,0.754004108545915,22.63875542584962
9df1b1f9,814.3430906592116,26.85666305027273,12.880117263553144,2.2638999924716847
9dfff011,1671.2763074861161,37.224613468223964,5.967799038962493,1.0040940227235755
9e3e364d,380.3642644886369,20.462279588000463,1.8858323627075002,10.354485405964283
9efc812e,607.6906523884055,14.620959644890199,9.216786778824313,1.543936151168831
9f0c7bae,941.8957971806747,16.938464396050538,3.035388520335833,6.260052272070994
9ffce529,473.28002239680524,13.776353934709244,4.89065989294677,0.7973000183731805
a0383629,708.4798721911998,17.470831215468163,3.1555483262163246,1.4646218615880633
a056d01e,361.738827038919,20.996153679380733,12.063984840761007,17.94701706077682
a08d9e63,876.3919555200586,20.843261341723572,3.2206639264787964,6.273883335110122
a0b83014,393.1381875372284,24.715281709905646,8.980046566627692,2.401367391922249
a0e92ed6,211.93923209239344,14.86062907431483,3.8591894479626276,4.618667782385993
a15bc102,791.1425829139928,28.130506231836247,5.194042243454698,12.23489288422929
a247e7cf,526.4273709642727,18.185080240663584,4.385585305582668,1.1228224986850772
a2e8e7f6,801.5585459403945,18.566222596004135,,
a3518960,606.802620816633,52.05322055386875,3.2373864201446856,2.852728875267573
a3f71395,684.6032699792695,39.846793295540124,0.8377282289667163,1.1659107469541532
a4719920,1075.464212189354,31.12680420850134,5.030495344518304,5.0132615379936825
a48640d9,756.2784526980013,18.30154594520274,4.857605668702755,3.1502400338968526
a4cdbb0f,641.4088743536935,23.544265017926804,6.234972651453025,0.708651247402049
a4f989c2,296.7175373745901,14.309339355562502,5.043124895894641,4.921845727176412
a5aa7973,165.7841081046644,15.265460388058363,2.3647373419969577,2.140992879696164
a5e6f7dc,1132.6321198429416,50.806056218107535,1.995143353245482,1.4077793459906343
a612d5a0,408.9967098067788,13.11545050576355,4.937917148791457,4.7927295017948035
a622ce4d,346.40162961474846,25.11264049238942,5.0353547362210005,0.6358529256442431
a645da9a,633.6344417772067,24.304879621018443,0.7602333989873661,1.321542220837632
a692b17e,339.28646996695824,13.749181888851892,2.0992200016631797,2.67048489309858
a6b8ac67,683.3777245418548,28.569560505894977,7.319865502256099,2.1757257826929908
a6ed2eff,314.7599749017729,24.950981310549242,0.6090072532541185,4.8691803734242685
a6f967fb,58.032274641138095,15.086258441045107,2.4622789515546724,0.7494276127202006
a76db406,512.7704306024158,20.800963281480325,6.368742394771207,1.1563854442700026
a7744f5b,339.74519098287806,12.18033311051656,1.2131885130346927,1.849486059612476
a783cc24,89.29129016869477,18.686179541558822,4.562928432205998,0.6887067344578546
a79fd2e7,209.56598244956416,34.55601751481751,2.7626697397462534,3.2969612294305612
a7fc3e6b,2636.5594064367897,29.516927140842917,0.8838394865359095,1.095717296828202
a85bb86f,1080.5766092231174,17.294619647451327,0.5360772086042055,7.019003798472908
a85e4bc3,1182.2645973277904,41.16660779598814,0.8112131988158788,2.226418209475007
a87433c9,1071.388898419873,27.219116645061998,4.699041260419364,1.1317049417594596
a8ed028a,2053.1960584960316,15.198649906834632,0.9106618286386936,7.2387546361525885
a959858c,264.6094076180268,17.891581109823047,,
a9c9b150,351.4466793456446,27.68142381831888,0.8542907697604385,1.408988176843237
aa95015b,483.21784176522925,28.539959917795418,1.7895545079936126,0.7739980911353124
aaaf3c03,1011.5477540424033,27.39585390049916,1.6689570417546513,2.4275360077097194
aaeffccb,325.3926748707927,16.62823181720095,6.604774997213428,5.438828630840334
ab112491,1293.007886613767,24.7484016491236,2.9646528448990157,1.203735410308793
ab18d3fc,701.4337505424019,20.33325739398378,9.29663786171681,2.6574635714738486
ab3ced07,304.716247023326,13.070385643100623,12.377290070980612,0.5703474729370123
ab6fe95d,556.1316542870012,32.34833974077136,1.6411975876869267,1.8302757095867181
ab94878e,317.5701761816443,17.354007270926562,1.3821950072165636,6.211708045568618
abf460d2,219.21758072726428,11.36267787264506,4.782602602279986,1.8840457875334264
ac6f01d5,1168.382369132635,16.11017225233777,6.800397576461884,12.061956422468107
ad2133a8,481.3865242445753,16.003515228542753,1.751500426296073,1.7677442405166832
add9c322,344.8387833750645,19.20074269259407,13.497849326248545,0.6844158263790293
ae069086,441.3217060153311,19.423235799566392,1.9509694720154036,1.1093459415918068
ae0784a8,659.9647269362067,19.234372461413436,1.3816780886524025,3.5031926430827163
ae35f33a,169.98470431184003,13.94829513271711,1.286119817920088,1.6590717250648097
ae8959c3,354.8153470935159,33.512015468531125,4.818848523423178,5.779257005094969
aed44918,682.6162520619098,31.23549482521239,2.2408814967219577,2.0665818554809454
aee6393a,405.68973181491754,9.555650733335588,1.166561935508771,14.507405202366948
af7a59ce,1012.0613243278423,26.35958432785864,0.4148147890230031,3.3595991890770334
aff4e561,508.8285040166652,12.69862781711073,8.662724997957485,3.3601989500934826
b04b58a3,1635.4166123957962,44.435130509963614,1.2170534631440881,1.1395967019535471
b0d42b0d,1022.6130712933218,27.460639813314486,4.6400093594384355,0.9839742932883755
b0f53bf4,628.1809709386016,21.851154630153246,5.408133142002243,0.3571336294890204
b19b0395,352.3084923756117,10.988922191803026,3.4916363660232457,0.4217566656931066
b1efb8a4,178.14025734446597,10.094548604070862,1.1241866671736291,2.6023576768290027
b32902c0,354.0001848867495,16.636975761838357,9.087757401113617,1.8953274560547284
b32e4903,334.58026449359204,29.86932527941768,1.1992654260792281,7.0134126085092525
b3388334,401.41914055002985,23.409865700370254,6.9089650981710795,7.520855530808412
b37fd114,1476.6121769688446,15.325968515480652,6.961572363154832,8.652284529424898
b38e3116,171.8111128533848,9.79205609154697,0.6436728472586309,3.3632636032018253
b4d8dd4f,585.9463132400978,17.004280240115154,3.9976709978686515,1.5038695903570192
b4f37e6e,999.6707914122021,7.058711879497515,7.549044620997878,2.0273719064063096
b56bc0aa,647.1611467016019,17.50689229230519,1.6992388182876703,0.8305216739882776
b585b4fa,325.18849687534464,12.802108087513174,2.241438670715085,0.33408858858816637
b5aa9634,142.46682821568496,11.379130136864289,3.6253278182410633,2.1529928406060965
b7974e66,310.3999822175116,12.833978677694375,5.192598513739573,0.6590443650625117
b7cdcecb,554.7550368840665,41.109719350198816,8.307191680455723,1.1099900115671637
b7fea9ef,104.13000192042222,16.620519591287465,4.503562478749992,0.9128765878737646
b85f7b06,314.018165238858,20.702148807173778,3.6296137429845348,5.2561955302220245
b881d27e,355.00729288305666,12.384183713511534,7.613589131247572,3.629756669992904
b8c49c1a,517.6337126358444,21.838152196521342,7.332601610398874,0.5911894145347162
b95e7121,342.7905369982836,29.758464466247805,,
b977be4a,418.0488613339231,30.22035700043181,3.7804296182354205,3.417439016571656
ba48188d,447.18949829056726,12.574237549642895,0.5618244381177975,4.750924602141512
bb2cdd83,340.39076985139116,12.963008367562724,3.9767430996659248,2.6748903982197243
bb337fa0,483.0208065909587,19.097530589303336,7.202307247194858,6.481270502655733
bb682ebd,161.58451451172215,15.004242533244053,8.483939286838659,2.2254009290801333
bc4381e2,619.510100541602,14.526025184838412,1.9712745745525302,6.389433093011105
bcebcc5f,32.267141180913846,11.549163102120097,4.083343788606898,1.976196287671825
bd2c2f34,369.7410339684651,12.428971054933427,7.34516077910517,1.2181037266767332
bd4ae5da,287.4120187119615,20.60168226406237,6.750203990935015,2.004758330888157
bd6f0e19,342.4199233623138,23.76350785457575,0.6796835115887125,3.301011932445068
bd8f847e,548.6754907241323,14.865819816154552,,
be063506,1195.9754163446407,38.26461532457234,4.6837598059330094,1.976929291962819
be35c8f2,544.1811831547802,29.86399331108243,5.416445521699951,3.8177073310102894
be83e781,347.9819927811821,16.625934266511916,1.1578819107266565,2.6244997658341993
beda8696,524.6215315467479,10.113772525464523,1.9168114454003573,0.5660436910062934
bf39bc20,483.30531870654494,9.876012588652436,1.7674313220782178,1.7699995108807574
bf70b410,531.1012750415348,23.851940559390812,2.845946698835182,4.341465424247977
bffe3082,1159.5713845889331,29.532903729520527,1.9564222887815306,5.0846393055872
c03b9305,870.9250303557213,41.575418025371334,3.5358197628478725,2.2939425687243316
c03d4aed,670.3138176256845,24.023700504658077,0.9054175065917403,1.2227289043148126
c03fba65,3515.7913498955986,32.25568358347875,12.375540436251917,5.264216903259305
c07fd0cd,197.88101652224316,14.141210927087437,0.7537294004835445,4.116509909768442
c1708b88,352.4808416102353,45.408123339710706,6.110096975854545,5.689355230953529
c1d046f4,376.838001341074,22.596470830517713,12.701994337915593,2.0460346575255337
c2717d4f,188.4042259320198,18.129294908851882,1.000704906193267,1.5090384784056416
c2c4db09,418.8356097560241,34.29001393787075,0.9908180843072515,2.018144647862457
c2c6fc71,77.33422243656636,17.938393674024834,2.0533189920178225,1.1714139629100733
c36625df,401.7584988087841,32.17577639859484,3.4391858283634584,3.069750700994716
c3957531,490.540972942468,16.17600067885548,4.149067583667464,1.414143207768831
c42fe306,359.47481080028626,17.2630833989037,3.7933818621191597,4.4247809162339955
c43812e2,1006.7931802765249,29.5493017064916,2.9343252356434038,3.440073401422747
c472c0b5,183.8067183210839,26.788256026428606,4.082352605040818,0.534715987875794
c47e0767,384.78620843207153,15.11361897639117,1.9308141550747646,0.7683389641644272
c50b42f6,405.6654979168938,13.673575279988123,2.449197095812624,0.8227144169065804
c593337f,1479.5391926205048,27.55220475949927,5.604198017593627,3.0577038736335496
c59b6c4a,540.859860315172,13.604180983594055,0.3764810690299383,0.23423656965384845
c66be2b8,374.1445365720888,14.393018948870534,6.87162993314923,3.229196928571393
c6797dd7,364.07027288696855,11.039563634237126,,
c6b782a4,344.22267357040994,17.43275498836552,4.617697212185651,0.7650861734190328
c6c96179,178.6908218124446,14.934996011361097,2.121106731304604,0.5980837328399
c70c0e01,507.4882391838765,26.873090825787717,0.4614547748789904,0.4688130409701897
c84c65be,460.0414000936809,29.744019777091307,2.812406655284239,5.188522774628507
c8d9680c,190.09016071338385,15.278002159968507,7.748101931318553,1.036346192171565
c908edd0,427.39146750981877,22.48773421744321,5.441247176277389,5.411984035785251
c9578d27,355.97185745516197,13.959586311921813,1.2751966325287993,4.518743096126287
c96c018a,380.2427014419519,20.956282731856184,8.086555976994338,1.4233704516550496
c99f9fae,947.2018976781605,32.68282213181729,1.0309785603881947,0.6129918424119594
c9e6734f,606.8910429415403,12.611488353349298,6.318614621603924,1.2159281362216332
c9e980e8,307.1066242017838,20.251760354175588,3.353159236819577,1.2909940653109788
c9fedcf3,1467.3433587070695,27.14829778011194,8.192262067525728,1.419435942488067
cad13e8f,148.37790468925974,20.223869405976828,1.5723141119588366,1.9013693847886832
cb34231f,87.4101252717554,14.167889296200048,2.533114025595607,4.612820936930756
cb879f40,201.02643908814673,15.714487838729767,2.1276443303024113,1.8968278776018441
cbb406b5,632.440807504719,54.718344935641525,7.007590451799796,1.2373016779085824
cbe51de1,335.1387191598333,21.78687423598832,1.6137350919759035,3.20200166380429
cbe62450,189.86881602821978,15.070170401740736,2.2070492396306407,1.0776160320734345
cc08aa63,515.8733619792964,15.29445660147415,2.5087719512337863,2.2491445186497483
cc8a1d57,515.4858075642792,19.85356547598895,2.3451088579329458,6.654982829106638
ccedb12b,188.15483225268332,17.129360291160374,5.550771882195015,3.04062249662313
cd7f1687,376.91462216265234,33.620506553850525,1.7547207381049965,2.4670348705740452
cda7eb37,239.52599710175528,10.454492289853764,3.1759850300434613,5.408642796407294
cdc31d65,239.1013042621615,13.066162644403311,5.850241361553729,0.9242706701784797
cdc60a53,335.1840146844424,13.63235804758306,1.3425104467074256,0.749945519272849
ce55ba43,381.0362380241214,16.45602924272735,6.451617115852034,3.7257393178235105
ce8399b7,25.511005467988188,16.442189718354985,9.268686477315944,1.1388692883404556
cf50c9d1,356.64385737018006,18.019473840820005,0.46782909934497957,2.274905313036137
d00e7eb9,1843.8664931764524,26.993840387732973,7.430428002082494,3.8255693160047857
d011f41b,39.54740193719809,14.995412514645112,3.66361661439116,3.2911089540642195
d07aed8f,2259.3740928516872,15.497348047814402,4.059573517361012,6.606556536165572
d085e611,60.85910180976825,16.816093282026436,3.841438657786988,0.9234925617936437
d0a0e7b5,327.24019465831225,13.437330871028566,5.241561865616078,0.7147561846516375
d0a43760,1113.142553494365,5.726861596895999,2.7102996067468537,17.32563883051545
d0cb63ae,456.19440242045147,28.168034742416697,3.078028658437754,0.5942028046455008
d114d9c2,511.1503405064297,10.965379539145058,0.4221938317633905,1.5115531541033103
d1457cc5,732.5014145575243,15.7386111532388,,
d1ecf309,337.3982952964178,43.85216397237935,2.7586245828386757,0.8139493110250913
d1ee630d,342.703656530972,28.40748063890927,6.253836492409828,1.6077968235340272
d217e0c5,481.57948461265437,35.174004067057574,3.6594861910777188,2.3571721373192926
d24ff243,689.6320921332057,28.67865950384526,3.71759368006772,7.4351957739076076
d273674e,542.9722410032755,15.248779817988602,0.9891821196435558,2.212610730137999
d2f3b1ab,356.65077529919256,15.69157647697513,12.304560415069895,0.4105788686812065
d3df146b,385.38855331147215,15.3567000885695,0.8796872109108906,2.116928066087301
d40f61d5,344.22447341809936,12.078344499946086,1.2524165455549197,0.6356440012603473
d41beaf2,346.3624604089858,13.653003360846368,8.617967808535301,0.35407095947352374
d463e527,607.7330265938293,34.28097620743066,3.841866306504721,14.155636973883581
d4f60a28,75.93113190756173,13.446550860889623,1.1815529689973265,1.413575241118821
d50c649a,387.73766853389645,25.270198225565522,4.57348256007015,0.6389223589658056
d543916f,349.3097789033262,17.876028718213025,3.304408733781846,1.565163787273695
d5df0ff5,1321.3810557894278,40.51368115757317,0.8216752645563683,11.822387124897737
d60430e6,349.4967527604101,17.302819391547104,3.3141462259250045,1.1171598157435048
d63196fe,510.1523839977772,14.392951884384013,1.9729484902698111,3.2395232794549673
d6c320d9,351.78025555744597,21.11801318446803,0.9600959845338093,1.487712072243531
d6dd7330,167.0960023452023,9.935629830534058,5.105413100874848,4.37599597793066
d7ba4f9d,187.85412132805803,31.66080393577176,1.0360521179614448,1.4576239859079037
d7eb0be8,2233.5339857946565,15.268851859566196,10.843582217269105,16.72795298744146
d84b621b,692.4191727605096,40.250606598552906,8.908655922374399,4.000969225025795
d90aa14c,5623.0003394096275,34.46441169434779,9.908975449261355,1.2601297962912128
d924e971,662.8044939252476,24.493937762421528,5.600845031644612,2.1176645092594537
d9ae59b2,787.2983338610319,20.404122276132767,1.3857479101464332,1.9023924416307216
d9d6d94d,180.26017003684552,16.77295451363438,4.169923174845487,1.243537845200563
d9eca87b,518.9073344200838,11.87884464078887,0.3586431833677587,0.620360168658792
da2d4d7c,379.08229048146995,12.65042295332355,0.29379384629401634,0.6656117410870115
da3bfe4e,552.3560642889779,12.452661273449575,3.135669210599443,0.21217656543894037
da3cf798,358.1660627417734,40.23373828622412,0.7432557342790602,1.973770306931577
da940160,350.90377261823585,27.52898606829949,3.7846655158236415,1.06015071963815
dafc88c3,353.1810938019252,10.855926137434151,2.5746357781715363,3.5981010237618793
dbee6c86,356.36580528371576,12.108397455962702,7.422849056372476,1.833778239007854
dc5fbe29,475.1740339073955,15.775779088823885,,
dc7da28f,1749.2418268272024,27.481514549255856,7.193459211293203,17.165720776727948
dc7f9757,778.7435796557954,15.09712502380417,5.479223236255466,2.6386119017273253
dd168de0,379.98179062392256,23.223583692326304,6.407883829141964,2.4510778739413204
dd64382d,409.3190606626158,21.011467933799835,5.4641765549556744,0.7376459782315917
dd6bc5b2,549.250544105355,16.65870229367728,4.109010841242843,2.5748981210903334
dd7d638e,364.15424055294295,18.749920509925232,2.449570334472766,1.1021223496941794
ddc790ff,404.35151130177155,23.18800833741136,5.014562691107242,0.5574131895985283
df71d1ff,624.5539120045032,42.39736192780763,4.449933380830062,6.234758410345648
df73b8f3,518.3450036029528,29.154575052371555,2.6365672638762647,2.8835626075147824
df8290be,343.3336381104572,16.266427844237302,2.2093764234559035,0.848213325829739
e0079ed1,1606.3036567537026,11.484535798194205,3.632689448481629,4.229333556040169
e03b45fd,344.02284196748406,26.695281623116585,11.529175662788287,0.6122008165633622
e0f36d98,276.6571105895596,16.409369926702126,1.905069156016469,0.8648768003007087
e149204f,554.6098734246913,28.18458598435288,5.620797297084382,2.5039151309973877
e14d641e,323.38218824514007,12.546624380992316,0.9140560286019093,2.332946095231881
e161bd0c,732.6914137146001,15.601316838952195,6.0743415588136545,4.166112549393446
e201fd6d,560.1099334949699,31.77356465581881,1.6198743238633704,1.11985360738662
e25f1537,2934.74516424257,70.92086078964178,0.7641372234117568,2.637510591279912
e2fc7745,219.02809500145094,24.813117467128173,1.8456839034949772,0.9542101916931353
e32da4ec,173.56041253689492,14.804431122450236,1.6970241863655868,3.0381715311055912
e3b34f5b,326.93870281758615,23.09815846792501,1.7496677490224362,1.8166417629434688
e45a2a62,705.0415774974426,19.633829502608325,3.3386625777730283,4.599456502659642
e46f4ef4,381.19600085600547,15.445180547957214,1.525333602003998,3.8732158682394306
e4726608,160.45700995212258,13.158727491492971,8.435130975147576,3.6478672283147007
e5864244,73.69724553872636,16.678926905960502,10.969443590687083,2.4136051789847386
e5c92e59,271.4614700100769,23.36757285080099,4.1272343137613925,5.418286837213129
e5ff9fd2,1021.0403251823502,17.206629482192614,8.182851469571993,0.7682838676389435
e6c55748,349.10282797465544,12.384502648850102,1.4483323111492694,1.6848186264364589
e730c32b,1015.3660004670146,30.98764519139849,3.212660275615133,3.2356935355760115
e737965a,339.51176666756044,15.416716723320942,0.3808969906451008,0.5959112577656237
e748dd88,664.0872034601118,17.46506467163447,2.610155871384549,1.2506569048091873
e7818f7a,232.9874744689797,28.601382406687932,3.3330018573683464,2.6310878454133313
e7c36e81,139.21428499346365,11.836315738545316,5.540458023078157,3.2853326212778953
e7d0c1de,181.32596223903482,19.435551889096423,6.311737884988926,0.9216914201960085
e85074c5,366.9102387505954,10.605387487027613,1.7916044364461807,3.660788291183063
e97032ad,137.58329261239996,11.45843228023461,5.728270941103512,3.6330675025483523
e9949a23,404.55466240200263,14.640861576246404,1.3978785307717545,19.633455022681773
ea0b99b7,289.691099103938,18.897623155770237,4.0327596736576465,5.317674511394698
ea3a0e38,844.3836713248411,10.980315839605856,13.707482288356724,2.56758414296351
ea41324e,371.8163435087483,22.84615582406584,2.8349949474268548,0.8368183071080366
eabc711b,493.97916635926146,22.431568026360026,1.4056089014832158,0.22871462762827302
eac10e86,405.30851163020606,18.06534281262039,1.539511408117466,1.462346219299824
eafb863e,332.77547267119917,9.964146256191839,3.7249245824530663,2.0445107757104553
eb06a4e7,201.37929602961376,19.73838137475152,3.0117409264519504,1.5589184141934684
eb640a35,412.88016917738094,16.338968935014652,3.573188748514747,0.21258233738467003
eb934281,161.3138198178013,10.35857551121124,3.9970675875029045,1.5999662369861263
eba6605e,349.9384564462256,22.477533427499985,,
ebe69318,350.0270670983064,23.429080673346533,6.930313912509745,4.156556496770792
ec0d597b,776.187448816175,23.778892811890394,1.5507663160758198,1.8616614009687524
ec13af42,260.1893781461127,12.00392253598806,1.5342963624075077,0.7523402232251777
ecdab904,202.85715228771852,13.990960966873928,6.665266768287306,2.6494922907214637
ecdaf714,1137.3023046588469,43.33267643935112,10.82007391373807,3.4993265411296925
ed6436d6,260.07996565913163,22.591526751976456,4.651258047944427,2.336117401501187
ed6e6e54,196.62926028421754,9.451146011859956,1.8200375898998016,1.1836059915963892
edf885a3,707.9692682793891,19.349605454633767,2.304004470033005,0.5283719331751752
ee0300f7,523.1972497886491,10.88928829673351,,
ee288beb,258.2933409900171,20.8599065100822,3.410925282982852,3.3221414024156704
ee4aecac,187.02437942667973,28.25483343606883,2.0178883261974616,1.6981887275116865
eeda36f5,666.2349061127277,21.9925268557299,12.31097926160852,1.3528899189096073
eeed308d,353.0931725480687,12.93846971003542,0.9138636853728336,1.7113641155882369
ef04658e,356.90499849061973,15.41914762603772,0.43110442544804917,1.105300554620866
ef8e3ed0,376.2043068602607,11.645111618587894,0.5864158221636361,1.4854909471353452
efde6ac3,50.808698693907914,14.719829259794471,3.7714946473512736,0.8534189987862795
efe96181,1139.2459529439693,42.56684917206704,,
f0188a48,353.0295131442783,43.12894952928962,2.813362113731843,7.131425511894888
f021b650,1782.9864852993908,34.1355505114706,1.1930365705455772,2.3805650269628815
f03f10fe,321.7152502387533,12.62779729503212,4.852517148423053,1.051305080263237
f053a1b9,397.16280772743437,19.971510523834443,2.7896041858589156,2.5038291136733393
f074d277,327.95382373133486,23.575211524767187,3.036385234801803,3.743619792749832
f07d7037,199.62004995195707,10.101339742161734,2.9885917025200373,0.5163335745817947
f08774c3,1016.6734551957512,15.374778860198134,4.172946947240523,2.8552530998622263
f140c2fa,435.0580642857085,14.83560955732858,6.98883854838001,3.9394886285908473
f16e25e3,1655.1242719505194,27.722602212589855,7.114276865288662,2.7283959627388352
f2d4c8c9,524.2718867151367,14.233973430120601,2.1089060453822888,1.417883112703108
f321a31c,552.2931320185508,22.841341341708407,1.8908746825793357,11.092697260232853
f40cd091,662.2948253525037,25.84051409370629,2.5693909400985633,5.656916130506445
f439a621,359.06296063498127,21.338280302076843,7.097428695236044,0.4581798981004136
f49fdea3,712.9422739802843,42.504576073270215,2.1576547440772744,0.7713387082654872
f4d12d23,323.6608072375361,8.072145701579437,7.988688954987086,2.926703492761933
f56d3ace,555.3127458468427,22.69360474857121,1.6278011571258624,0.9235977459994046
f5859199,1815.1719234720804,29.679434483325224,11.543842503717086,4.531872473585199
f5d8aab6,178.75643121275192,16.00204966119579,2.7343772332968657,1.134714571516935
f631da6e,1030.3095125253394,20.06475881949188,12.950247835943193,1.6651525899658306
f6824bb0,341.14973384098414,13.62021921572382,10.375639315148494,6.199702088749659
f6bc699b,798.6106286216316,26.19948724656532,2.4075140785591342,1.5406152009165555
f6d009f4,241.1954803522324,29.972247232922328,,
f72b268f,338.07164004099593,16.90963093504318,0.7879800959290953,0.717380437483212
f8662c22,343.8399060608337,20.769335259207924,6.084741665588345,3.1357975693468845
f88ddb26,293.25785127867385,17.122593938067663,4.93490311066539,2.20962533494155
f8afa78a,571.699808028914,17.138891525836122,0.9172253812454495,1.3332016345913882
f8f59188,499.83554515492204,30.854171086540383,2.2370657654779516,4.646859574424465
f9fc81aa,341.2724543261961,13.688389898050268,0.9808642670259828,1.7354015633928874
fa16d114,555.7135471627149,14.052471702070743,3.1339267880506387,3.023426470854015
fa31da94,564.324019779397,24.998050853704154,7.366896708897532,1.8994552186411353
fa667be2,146.29876998821712,9.563466291047583,1.7421472912668226,1.280510765718084
fae0c593,219.10570896230678,21.651482258366716,4.029572178500224,0.9044317933687999
fb03ae90,395.59231906091554,18.35620824816491,14.603373057973199,9.218332021008424
fb0904bd,906.5651068348575,32.729859198665714,3.6346358331677067,0.7918692403339784
fb3848a1,352.6446812015515,17.48729201413971,2.925392681800788,0.3458440061361513
fb73b13a,240.21403872392605,28.163542923432345,5.428949157832719,3.533582217935397
fba7683c,77.31201523678202,14.381334908484625,0.19397646714522526,1.13803271064239
fbd68d27,366.2278368721404,14.46175603099426,5.061110437992238,5.086503495557269
fc03f21f,351.67668347497863,39.8027706272989,,
fc0d20b2,347.36433594471214,40.4095350780597,0.3262457576993992,0.8936088203331707
fcfcc902,1718.3251297193297,34.09101211756229,11.038995252447569,5.640945959879653
fd3b4faa,500.34402764522326,22.902039065536872,1.8462462368377035,4.155267432745433
fd710aea,320.2144258148812,15.488012690767592,1.2231456700133596,0.44871328647611264
fd8f77fa,364.3194740884748,24.250498931722884,,
fde20ecf,268.85739807557957,20.55341257211029,1.2129316412009659,0.3042886301382424
fdfd57da,379.57645580306104,21.291144726152996,0.8262659388992079,1.4394870647279814
febb4411,191.43378228515306,16.155266447334583,15.275601247219408,10.557860729321426
fef8af96,858.6187481062345,27.824196725826464,,
ff0aea78,306.902245185812,22.54265314769983,1.9583330846891631,3.449776231986426
ff8bb73a,241.59850210908962,18.25210642339781,2.0614513112165342,4.343577451536777
ffefef30,162.04881356968883,15.140737146789583,2.407922407923331,3.500517895560152
