well,nbr_dist,roughness,rmse_D,rmse_A,D_minus_A
000d7d20,296.4164698527538,18.52134924173653,3.4623581668374177,7.454442102844319,-3.9920839360069014
00bbac68,407.10095163771257,12.398320726392745,8.49297256697363,15.26305228860268,-6.770079721629049
00e12e8b,355.738296681642,27.587143832951227,8.005351172328325,7.92458894231589,0.08076223001243488
015fe0d2,1021.8828096132424,13.366589788534458,6.177362364466634,23.15488967328721,-16.977527308820576
01869cd4,360.30917973334977,20.729274551645588,7.527671988163463,10.618593023436276,-3.090921035272813
01982c1d,247.76169120022055,22.413745051750254,1.6040012883922408,6.33452473981023,-4.730523451417989
028d7b28,179.18259429960983,29.41291090209175,6.223057477822322,7.393605105422137,-1.1705476275998148
02e7fe5a,284.9229715202437,17.254506827474707,4.48517682622205,8.414429717261077,-3.9292528910390274
0390d174,453.115303758208,22.171218920877877,11.162945094634347,8.517417217402954,2.645527877231393
044af7d1,877.9219264833366,27.356010051495076,3.4731587123089427,9.868136513863366,-6.394977801554424
0498acab,1040.0179718158895,19.548807508387764,10.994188921879182,5.996139045372776,4.998049876506406
052d64df,447.60725664397023,16.409584363547356,4.9314865601962765,7.3962717049147795,-2.464785144718503
05948241,326.0780294352694,18.605566208902683,3.3679532926607143,4.995769989509691,-1.627816696848977
059c8f24,4490.565723913338,56.09442872550481,106.38709594423835,10.91217472910924,95.47492121512911
05a0ee4d,626.4670312955119,30.283246915580055,7.609653147577037,18.34470695653281,-10.735053808955774
060ab2b8,349.83354216132756,17.819762111730725,27.390606162683586,9.048312196834129,18.342293965849457
06df5958,362.9046665476418,15.369427652601303,15.214383502807308,3.0884860085517194,12.12589749425559
071d7b45,4125.305587327284,41.4954021249596,56.92333664796151,17.11579247751261,39.80754417044891
0849b4e2,208.52120470860848,14.74566809945388,16.45870509833866,14.56752211461738,1.8911829837212775
084d66f9,812.8085738966585,23.376430228638117,15.102338984482031,10.693040191903986,4.409298792578046
08fecf00,223.3175525515232,14.924153223200296,7.84764959414711,4.759806836739511,3.087842757407599
09053135,814.0248492519453,26.92504577961518,20.820548052917975,13.261553626472296,7.558994426445679
09441b8d,325.7504150419247,15.83093449892888,3.415235350230396,15.9390645279074,-12.523829177677005
0955cd6c,318.3020081280224,17.388588878143626,3.9650598308352367,8.023088122545198,-4.058028291709961
09ec2ca9,338.9925059993061,20.785647472270746,15.588674344742683,6.13281698431714,9.455857360425544
0a57a29c,336.0760365645202,15.123189137580777,9.2272157173761,6.952723985070934,2.274491732305165
0bbf5e67,692.8992579736112,19.52811705872793,2.3899673856410213,18.377119492009776,-15.987152106368754
0be01c24,175.41692001565116,12.298857927989859,3.1395626378599517,8.273369324203173,-5.133806686343222
0c1b160c,944.6191145254008,16.251163334544596,25.57290950779401,8.432276859497074,17.140632648296936
0d99f8e4,332.7901442654952,14.734615618519951,9.048326823405333,9.343320012239094,-0.2949931888337609
0dc5e64d,223.37907892187405,28.40661828006594,16.89781016749552,18.008822359134772,-1.1110121916392508
0dc835f3,208.85325877233146,19.869027551930436,5.935401194276054,7.229778972920871,-1.294377778644817
0dd99dc5,300.4488994275324,14.238939310181294,13.425562093832427,8.234632190411654,5.190929903420773
0e5e560d,1855.1568159054093,23.02176503299388,65.32613434033283,10.293900986020365,55.03223335431247
109d9d70,252.13401258817282,19.04280325073021,6.075703513713013,9.371137061320914,-3.2954335476079004
10a1281a,348.5325801129022,14.663281948458977,6.603500343614448,3.591185257385085,3.0123150862293633
10b89021,280.41375892846884,17.827966220603145,15.8714823548052,14.721334704882,1.1501476499232002
10be2420,365.7372670375698,20.37666786693474,4.65121780779134,13.259451874685324,-8.608234066893983
113011eb,511.94942533408744,19.168900227647356,8.360670600197798,5.177910618587731,3.182759981610067
1131525f,715.1014563393637,22.71769378704102,4.132388817058021,14.670165574890584,-10.537776757832564
11d0f5ac,588.07727275869,21.008376671664262,16.23316116399312,22.16920519412397,-5.936044030130848
12203f2a,238.97319766051487,27.14940687657847,3.7048334293627434,13.762320645487469,-10.057487216124725
122bd617,395.0902400720848,18.770940972684397,5.628319331370065,11.670160284769418,-6.041840953399353
125be846,348.87589268998795,14.817695067363614,17.485674384807666,18.441379950265283,-0.9557055654576168
1285a37b,50.48209459848454,18.121008958603205,9.18356267564969,5.549117512133954,3.6344451635157355
1295a25b,336.42037966105914,25.17025050025326,9.077511664070148,9.716800903498608,-0.6392892394284608
12f0cd90,332.62541941541974,28.98851673508802,12.320899485288606,7.895034499573364,4.425864985715243
137d1e44,372.2097226474873,32.06149634070638,13.111022787114388,25.010172511867022,-11.899149724752634
13ce113d,4145.352971822648,51.28718348900027,15.669470619892207,3.381014512965784,12.288456106926423
13f598d9,305.0365494495424,14.759052293740668,13.838355064965064,15.16858992587756,-1.3302348609124959
14a53cb3,352.36666567679106,12.182164890143984,10.551462444302466,8.94761773897247,1.6038447053299958
14ab73fb,344.3831425897277,40.41191499344583,8.966363082211647,14.81915286795364,-5.852789785741994
14ad5efb,364.4062625696092,27.374968314764747,6.674175843954357,6.298504340917485,0.37567150303687225
14fee784,516.7976129974223,22.269033116359182,34.65253649866109,21.419815878785556,13.232720619875536
153552f5,373.18432831512206,22.192236809510174,7.744099848342764,5.161441840641978,2.582658007700786
1550491d,185.2245371146518,16.305084512549236,9.803870635675986,21.167156242041475,-11.363285606365489
155887bb,76.38880492782289,23.316745802645524,10.080300134295316,11.793313793912793,-1.7130136596174772
1590af81,268.02693894434157,21.341124911775342,10.705501141106517,5.560887269871239,5.144613871235277
15e154a1,3.7226334764288356,12.175883887320277,6.2532999217725305,23.22648490243106,-16.97318498065853
1619e2ca,1164.8436712711332,46.062010309473095,7.143968151178287,7.812315673810556,-0.6683475226322688
16e4a047,295.93551324573986,16.651267031370143,7.720147548300674,10.715407020528389,-2.9952594722277146
173ed841,193.30157629972152,17.009469788914725,19.93605392194731,17.58051747694951,2.3555364449977994
1770d7c6,264.6892198772856,11.286364383952202,2.766308775979585,12.33284960831588,-9.566540832336296
177622d7,195.69818908902303,10.03300865745636,4.2434322955201695,9.800349606500166,-5.556917310979997
18d24f7b,332.53261056903534,12.932394584023033,6.557894615833888,7.530076271970659,-0.9721816561367707
19137a89,207.53967478736973,19.784507918608142,16.08339482129097,18.119920942456798,-2.036526121165828
1944513c,216.64020702538474,16.010488310401154,5.8777632350345925,5.738736995920461,0.13902623911413148
197f8a5a,667.5268094146455,16.872898975382732,8.384941634169008,24.61555435098563,-16.230612716816623
19871e7f,346.7733340544035,18.23860883037518,8.3671578445892,5.353880109906093,3.013277734683106
198a5607,388.0391136215321,16.97072916634702,8.295810547229081,9.944851115115334,-1.649040567886253
19fb4f7b,270.99679544970707,16.387821005981365,27.51411135541823,11.089880426882702,16.42423092853553
1a518997,348.64130248722057,11.008333615237788,7.333000183791082,10.76070073803029,-3.427700554239207
1a68190b,312.55060550279023,24.59320536245734,11.409859500494854,16.431826147748733,-5.02196664725388
1a730ac2,249.26988606722122,21.66107488640331,14.27090030057931,16.350400725581075,-2.079500425001765
1aaf1da0,373.75351057124243,19.54564180924805,10.474945830330787,9.288199403984146,1.186746426346641
1b08ed48,168.85064036005753,10.29765439291635,4.046297883589477,11.8384908795304,-7.7921929959409235
1b1c5372,323.35873144247694,14.838966860937544,9.96067417597057,17.833374900392585,-7.872700724422014
1b6ba517,508.98696697014867,12.77008706419944,10.14095881446758,7.818279827064867,2.322678987402714
1b82b665,448.24348573101526,18.98855839709786,4.5731374063412575,6.106594455886377,-1.5334570495451194
1bcb2fcf,367.8676766172023,29.906153280086343,4.686289052701226,6.2062031463179,-1.5199140936166744
1beca81d,1188.1657676996547,29.9834321229161,12.363382649696453,8.154769966888065,4.208612682808388
1d3fbf02,591.7745194381472,23.426698243177032,24.83014656198121,5.906372283901897,18.923774278079314
1d78281a,312.475952994675,24.382461285919707,4.93929618547314,11.881246003992382,-6.941949818519243
1e30dedf,354.85413111388334,31.6733249011316,7.727897074472284,12.137059232129838,-4.409162157657554
1e5e3573,318.3020081280224,19.209227308316834,9.254575240066456,11.921759172625736,-2.667183932559279
1f9afacb,185.0344000987339,13.841003728201443,3.2593610717915453,2.518404175433652,0.7409568963578934
1fdbba44,311.52223105092537,17.76131407806058,7.405685387358128,5.835321753197851,1.5703636341602767
1fee2b62,1363.4091059927637,43.96783449311316,12.115535179660965,8.271183690259376,3.844351489401589
20096916,343.97393229683695,19.29522559752479,8.633264019786862,10.457150039432172,-1.8238860196453093
200d233d,382.4354000646774,14.713089392746987,2.4091749456882625,12.776233899276743,-10.367058953588481
201661b5,1973.26668357304,28.0543019205613,70.59624163371744,12.376074593108251,58.22016704060919
203721ab,685.5344380114487,19.060683017913412,5.260028085914684,10.037088673521446,-4.777060587606761
20402d71,501.13022893680227,17.512975963009232,10.364793654315916,11.661871660575386,-1.2970780062594702
2043abc5,1080.6504953963015,20.179785900360308,8.974749020289053,18.04367501941709,-9.068925999128037
204cc64b,193.30157629972152,15.252669015925724,10.9108657877437,6.09488008126444,4.81598570647926
206b6193,1752.5902125141126,21.746021753630693,22.63633042159305,36.50899923584182,-13.872668814248769
2075c696,1998.9108203993515,33.16259527001783,27.749093523010107,21.8988812542604,5.850212268749708
22c5f93f,358.65656274506085,23.27275764574326,4.337924166832735,7.091232323797548,-2.7533081569648123
230eaaa3,504.5586857839735,22.59486857535357,5.069144542600527,25.322864048616943,-20.253719506016417
2364716c,621.3157152364138,16.538059467105047,6.128510109970625,19.668009235301668,-13.539499125331043
23b9beb0,4.3390013573653485,17.655032663662123,4.652796160627407,5.499363741994015,-0.8465675813666085
24d8997e,361.10989561893604,12.50326347224416,5.492620152916266,5.6395027824068205,-0.14688262949055453
25050f63,522.7455221543605,23.433391327395128,6.984453474365256,37.99660734236392,-31.012153867998666
25939962,288.72425114638673,15.966620210222926,8.773485437784629,11.099661933822553,-2.326176496037924
25fd32b3,889.6697384987634,15.906689716417441,7.942774279887674,3.1781649872704114,4.764609292617262
261785ee,584.119250326334,21.257741518020044,25.90508535899436,23.57894263400833,2.3261427249860276
264feceb,323.96246547945844,24.948109178562298,5.025904990327528,10.863394363873288,-5.83748937354576
26623a50,417.2964324805224,21.586081246695294,16.90209148711692,21.675376849132046,-4.773285362015127
26d3a96a,196.21768014122915,14.793770226010759,18.38731651617318,9.063491001698887,9.323825514474292
272abef3,480.68766376911765,30.910614858612977,14.383301125900717,10.023016592838678,4.360284533062039
27300fd5,50.29763612709597,18.49711978212785,9.028079145044607,17.389589831741016,-8.361510686696409
276b012a,746.9674867703777,14.046047405328046,42.56590217653782,27.08665184488836,15.479250331649457
27c3155b,178.58358519172,34.61386918901716,11.672134566477943,18.11085336032788,-6.438718793849937
27ebb9b9,191.87548175829946,15.80112633198602,6.420031757581369,9.988233062217338,-3.568201304635969
283269ac,446.31908865748574,15.614986178648328,2.8940925355945075,1.1159494538507433,1.7781430817437642
28473855,2489.554479265197,8.644350825896254,589.3476462213226,4.546502439117813,584.8011437822048
28f4eda9,526.2392316241812,14.9662672784499,2.542629496015936,12.159025419229918,-9.616395923213982
29b24409,342.6523143503608,14.635206230847036,3.821037966225224,13.7568214109214,-9.935783444696177
29de15c8,184.82486315124407,12.846472765924144,7.371133193042227,4.5857601721794286,2.7853730208627985
2ab29395,373.6177170583939,16.13428558952574,3.18954251211656,2.45945596628769,0.7300865458288701
2ac7cb6b,736.4173019420685,24.513521388396843,8.941549766823504,19.59629325660305,-10.654743489779547
2acc78d4,510.3549671550827,17.881732637229888,21.131989306639703,13.62623440259144,7.505754904048263
2b034622,561.7192382689144,30.74663505550256,2.666424972638917,6.805621396093291,-4.139196423454374
2b06ad65,181.1835657559779,14.894328815336744,2.8493567391807275,2.7463768040476424,0.10297993513308512
2b547943,390.8356956400776,19.136676969958422,9.474790847331423,12.241457142013664,-2.7666662946822402
2be5c96a,550.8468326132593,18.496137772518942,9.019910682910805,3.661858866244572,5.358051816666233
2bff06cf,878.5575036817993,33.66651902827102,17.129511356312324,28.427941006681795,-11.29842965036947
2c0c4a4e,812.5373515923241,14.025116486306668,13.887205765521752,8.04594018660484,5.841265578916913
2cee0cba,331.9079188570821,16.994923403309965,5.658909083393953,10.665140786694131,-5.006231703300179
2d0c268a,1526.1044767767933,25.27014404493201,8.675695472218255,14.874791132341558,-6.199095660123303
2d179ded,730.9882486742639,16.10995150520324,6.33575360802826,7.749754286132607,-1.4140006781043466
2d196986,350.60423533911603,11.829538583131827,6.445627259672943,11.991317360702505,-5.545690101029562
2d2d0c6b,705.8099944037297,12.333151969387336,14.92098919241044,3.045945300727323,11.875043891683116
2d35f86d,887.672450354903,26.644986656917602,6.68879120090081,11.216196779664774,-4.527405578763964
2d9f6cb9,295.8622482935713,12.140460919568064,13.972848183671738,9.908706063856238,4.0641421198155
2ddad940,199.69632345152525,17.214456032194786,4.868259600585605,7.645816438023014,-2.777556837437409
2e29e833,786.1671080629858,45.69086355180186,21.775719100152514,4.3076518266215045,17.46806727353101
2e43c2ea,287.9581316790635,17.278466321913548,10.695320185660169,7.487396669090343,3.207923516569826
2e63d9de,551.895601721987,19.150848127024936,14.598136807370706,13.77390817425645,0.8242286331142559
2ee0235b,345.21355376055817,16.297874430044434,5.670388931151917,6.80295371229703,-1.1325647811451125
2f19d536,1872.863336371206,23.206784464724556,5.354272371759546,6.535598394413745,-1.1813260226541988
2f8e53c3,1.506154042803653,9.40295066721089,2.394973563473232,3.293055138227308,-0.8980815747540762
2fa01aa6,864.974855167431,15.512724150074913,20.02686457542739,18.77741961251621,1.2494449629111806
2fd68f7b,249.4390317346214,22.322414217600954,9.605596018255635,60.74015262396321,-51.13455660570757
2fe023be,373.03310912041877,29.34826056919739,8.301911309647087,12.90931147808348,-4.607400168436392
30d75030,437.36262252036283,32.74947746688416,7.971570482786383,17.599318669377997,-9.627748186591614
310c71a5,338.17474314323795,13.223621383720959,4.010176810108812,8.843313479056066,-4.833136668947254
32fe84c9,807.9035522264414,14.302979093094406,19.864687142689267,22.250821979444407,-2.38613483675514
33c40295,767.0910146945656,31.957718530576788,18.79817176211416,8.700789781165115,10.097381980949043
3407f5bf,458.3398084389108,18.975672213060058,2.7590019817228035,21.29388267466182,-18.534880692939016
3417285d,280.41375892846884,18.591229424147382,9.635533826103678,34.42198868150785,-24.78645485540417
347242c8,898.6480673876622,20.784786454643147,37.27980424254705,2.242023016039388,35.03778122650766
353e5502,1134.9267121604912,29.736607829387754,28.235221875166012,5.639360585146688,22.59586129001932
357c12f9,302.37873602480994,17.52429009573213,10.905097150574225,5.624420852755269,5.280676297818956
3584a6eb,358.19739599838755,15.453581097920155,10.425015814438854,9.10831836266408,1.3166974517747736
35b30c7f,340.66607594528057,29.202897972632893,26.290027050375127,19.15158789297762,7.138439157397507
35b3ef6a,847.1911163369658,41.74437894420636,10.42192372711528,26.045383636758544,-15.623459909643264
367456ce,321.9615978653828,16.592656402287798,3.931947368694938,12.622377103894497,-8.690429735199558
368131f9,651.7267584655937,28.63467646900137,3.199487473188832,20.87578316953144,-17.67629569634261
368fe682,687.492059735815,22.828719431001396,5.442134832708514,13.878502686940966,-8.43636785423245
3690a146,327.7353130193018,11.400124845122551,7.378331862918986,7.130156510792888,0.24817535212609787
37344c2a,339.19027020253736,9.342220506088266,8.174346221914526,13.239300394199656,-5.06495417228513
373ef48b,346.8801666283046,13.35298468508082,1.7613856154575245,5.207191387759596,-3.445805772302071
374be387,369.474232142332,15.586724770730179,8.854954862484412,6.712762639770746,2.142192222713666
37d36812,297.6638864558752,14.332104204808946,15.937561817441422,21.856313079076383,-5.918751261634961
38991fd4,338.94666070037215,15.040481209057027,5.33735847447401,14.86604108751415,-9.52868261304014
389ae58f,1006.9038969983364,25.590435623502692,25.387374012692987,49.76304894845995,-24.37567493576696
3932faa6,796.3949698484486,14.635690056758484,11.19033036484218,13.157974615537269,-1.9676442506950877
398dce4b,394.8232291406793,15.753542994345937,4.272928455531487,4.559718484677409,-0.286790029145922
39b51819,749.2871081766693,25.059703458324762,3.77317485204276,3.160351282946552,0.612823569096208
3a0af893,342.5765505693386,20.62249890138178,1.6684216692117997,18.6897660134781,-17.0213443442663
3a223519,178.82008304449883,17.430035129321247,5.640635534017679,9.401162306681243,-3.7605267726635647
3a7dd95d,3506.6327900043684,18.30712386723001,33.68846452765187,13.010388611275376,20.678075916376493
3a824aa7,610.326882416098,17.793112683967713,7.760009163695385,5.690131490731758,2.069877672963627
3a86fe8d,318.88995296173977,10.826658775188992,11.263323076533268,11.634711217695369,-0.3713881411621003
3aaa2b30,371.3388305901752,19.05656630646208,9.906133158569682,17.520232328990414,-7.614099170420731
3ac16ad0,520.3462056251689,14.296561648371831,9.981753832518995,8.880546118495223,1.1012077140237722
3b21ea64,120.27611560086774,10.964153842927075,13.19052510093313,8.368949948322665,4.821575152610464
3bbe1f5d,682.9002095471623,16.21819806382619,14.373558055886878,10.572803005133604,3.800755050753274
3bfee975,269.9969870729491,21.56209504784552,6.556041518633309,7.840543276658913,-1.2845017580256037
3c3dbcbc,352.73335566683346,15.55828224722678,7.098047780599016,8.29349171896155,-1.1954439383625335
3d96d897,336.6502643816574,15.74940269009192,4.571983412172277,3.609290634348629,0.9626927778236483
3df4b19e,325.90881641472885,20.54004862101748,5.525851301878241,8.67249047497302,-3.14663917309478
3e011332,357.62698234338376,22.92362632198498,14.090151096816813,17.42146062278745,-3.331309525970637
3e678ea7,403.55407098715494,12.852778444803423,12.293476097339935,10.229911981746914,2.063564115593021
3ef6372a,514.7652057559324,24.641271781301928,4.106769088196186,6.229379944022544,-2.122610855826358
3ef98781,191.87343536806637,19.37750334634184,4.74698249722768,12.433878700657392,-7.686896203429711
3f603129,721.2165642165564,27.003055086126537,21.46609556128468,29.712176284154232,-8.246080722869554
404c4384,333.2464197485698,30.489330936658185,0.8287142559741354,3.601169403921093,-2.7724551479469577
4121c517,173.14946859327367,16.30475056406928,5.362397651254934,11.223238561279205,-5.860840910024271
41fb0192,248.80698376003386,17.068498846993528,7.806397346601263,3.5577103110362645,4.248687035564998
42669188,355.47104368735194,25.255110621416613,17.50289649944564,23.03067779934476,-5.527781299899118
42c538a1,2309.055543122957,84.65938269810549,10.178668721843971,26.18883109705342,-16.010162375209447
43b06c70,371.7991984928077,21.60294883661731,10.627310195375758,8.769342298126745,1.8579678972490132
43c7f85a,609.0955482459556,22.757413954368573,6.988357857246221,11.180370167514395,-4.192012310268174
43e16325,2807.6720036530223,25.069846429525718,32.49154250760022,45.776662453735184,-13.285119946134962
44441e54,81.86525036248005,10.579442075145456,5.845010383001716,3.668929750345109,2.176080632656607
445af6c2,337.69780466592204,15.239028850941231,5.1377979649356265,29.95446848697753,-24.816670522041903
4463446c,2465.67800449287,35.37820167767936,65.04778317717997,18.86029305975226,46.18749011742771
44a94013,553.521316030538,16.70686142726982,9.266899206299492,23.26260921867206,-13.99571001237257
45fb3e21,247.86416642952676,16.3389573637479,2.6068416358323963,25.15963005414619,-22.552788418313796
460f859e,492.9437706270689,14.389344785617311,24.520322738777377,20.01206991533264,4.508252823444739
4630ab92,200.62270509615888,17.99693644719475,12.456869681159532,10.880550178687448,1.5763195024720833
463c38f2,431.9540512603318,23.40234656203049,6.008350168046005,6.316346789980795,-0.30799662193479005
4654e7de,354.4843556349741,16.05065659596744,9.997291472790767,5.262206132576318,4.735085340214449
466fc788,336.0160658361958,15.68474715637368,22.112060709165235,16.96677982284487,5.145280886320364
46a301e9,716.822844364783,20.151748368343092,35.387819654922524,10.714122960128444,24.67369669479408
46a7190b,171.76462150304178,7.407838331794442,3.525920736491325,13.31037471543342,-9.784453978942096
46d24a09,322.6960497125455,24.555003531612275,14.65550584133556,21.034427197140683,-6.378921355805124
46d41ff6,658.8667459354184,22.257817306510425,12.814473911527282,7.152719312990992,5.66175459853629
46dfcfca,191.23523733848648,8.081241299299235,2.0014438177531995,23.306915931867923,-21.305472114114725
47222616,365.62268067687216,16.32403075053703,7.04547327901886,12.72802806095558,-5.68255478193672
47ee27ab,49.9957352886524,12.712995789618567,6.039909430289116,7.811133847911845,-1.7712244176227285
481de5fc,480.680236019818,16.274523802557272,4.753011823916367,13.661013098019078,-8.90800127410271
48c1f673,172.8013741473392,32.017464658570965,5.261788006355054,18.480143096264484,-13.21835508990943
4936af16,330.51642694669033,11.27339128122869,4.080548301376148,5.12683088404085,-1.046282582664702
493b5b31,195.8690534514379,27.131295784343028,11.708093945601512,20.806259253075517,-9.098165307474005
49dbc14c,369.50768145976497,16.161613799723543,7.011166054824569,5.472416193779096,1.5387498610454733
4a035ec2,412.2302155350234,18.262828325248513,14.968698604357574,18.37817503927824,-3.4094764349206663
4a335117,298.76106201291884,16.1177642417,10.017628535216458,25.01473417971471,-14.997105644498253
4a8ecc0b,795.4158694041635,24.204154827994014,12.095799651612804,11.211904800768597,0.8838948508442073
4b462989,353.5146841414546,21.791826530954168,3.654107271533441,6.605024585467642,-2.950917313934201
4b831d20,276.0521491392067,12.859110494696228,6.300416214895547,16.40332593479727,-10.102909719901723
4c3168cf,172.69544261087788,12.459217822505657,2.83253173617148,4.398564145674671,-1.5660324095031908
4c3df468,526.1357638480583,37.26337754229189,22.004765285897957,20.730613836474724,1.2741514494232327
4caa7289,328.76963378646457,16.720503307597234,6.460707092051435,9.679853283039389,-3.2191461909879537
4cd1ac61,387.06762242827085,19.7206592266793,4.987048713009027,14.744577751415134,-9.757529038406108
4cecf7b3,322.09631556393174,16.66637435030112,4.1973122304966495,8.796914734080126,-4.599602503583476
4ddde4c1,172.5454033001732,14.10327154809755,6.393500980677817,4.584881244279585,1.8086197363982315
4e050c92,321.56169439170617,12.101595436526962,5.299423871525121,6.760683545123174,-1.461259673598053
4ed93db6,354.0553767423586,27.845228657426706,7.612739491807821,9.134304566059011,-1.5215650742511908
4f3eb9e9,378.1009561149418,13.5577559264225,11.000542637022264,33.07892812639342,-22.078385489371158
4f4ac5ce,362.5671277154325,20.49523969120613,6.596269905156026,8.250612102027123,-1.654342196871097
4f4afcc6,358.7772967267984,15.2605196020302,5.8765353110166645,8.324204115356522,-2.447668804339858
4f69febf,501.5079399739877,13.632394323815655,5.570292234217955,14.941245790403045,-9.37095355618509
4fbe9c06,337.69780466592204,16.362158033808235,7.747958286443758,12.700621635010842,-4.952663348567084
504c8b08,393.6876001347955,10.683433436868361,9.023487937996329,20.6567768266876,-11.633288888691272
511e1db0,90.98870809072633,19.58691486641974,11.350557970890108,2.646655635093415,8.703902335796693
512943b2,369.04094761422107,20.49546896299579,9.43035957552512,4.032978673574936,5.397380901950184
5138a660,375.3803464485091,14.46110840323122,18.233526870497283,5.478010905805236,12.755515964692046
516088b7,348.7375775120298,15.64934195418038,9.16868910521357,6.371603205164532,2.797085900049038
521a7819,334.170839691382,14.913338356568747,5.700686177765431,25.361861575542044,-19.661175397776613
5254b6db,393.176071109619,24.740327238508932,2.389375716933541,7.293881229520888,-4.904505512587347
529e88ca,868.3520228570054,35.87563483214452,10.684274314183035,15.265625031718605,-4.581350717535569
52f1e77a,353.8435383045763,19.85074144553548,9.464394525568398,14.174880875648114,-4.710486350079716
5305524b,567.1114749323297,19.489424335713544,10.432376358041454,16.63490369332069,-6.202527335279237
53134831,333.69301536015945,17.375927571913227,9.81811630147669,17.343954276390388,-7.525837974913697
5397ceb1,813.7178550945747,25.320030577341033,39.57557950497531,9.25091584943266,30.32466365554265
53f23031,4.783774660203306,18.178996766529735,8.262084640953598,10.66798407051043,-2.4058994295568326
543198e8,871.0390334602639,38.646490363001334,9.916188918470771,20.51495618405221,-10.598767265581438
54753541,515.7943273241189,23.62651159185396,6.792853496781298,16.22277834812335,-9.42992485134205
54a7e3c2,390.04204182980385,17.203213639500024,9.87509315898289,11.037762426443331,-1.1626692674604406
5542c301,357.7516698494403,20.796352248882236,11.8659977472639,5.501114137426537,6.364883609837364
5567d551,383.48775953416396,18.532080058280282,6.87172415396352,10.289492216812466,-3.417768062848946
55efee7f,425.606765218736,22.371172080031297,5.027162551495465,25.83515609352923,-20.807993542033763
5663b2b7,0.0,13.553632916468388,3.419034308521017,16.28409405856329,-12.865059750042274
5693dde2,1264.2967234789369,32.29282858057447,97.68850554660484,6.95783505375875,90.73067049284609
56b00794,335.80659150797004,15.20115506250682,9.066574905397182,29.944728017238926,-20.878153111841744
57796579,345.04317019744036,22.882768685943066,38.88856013563667,12.813078334954168,26.075481800682503
577eec7c,1174.71312280931,36.517312327297375,14.582062879158894,18.87528759988681,-4.293224720727917
57f05c51,96.7401224933593,29.591762413455296,7.418253774767607,36.3244551404309,-28.906201365663293
58850d2c,884.5804133595857,6.7934290115062845,11.206458583975872,14.887955622671049,-3.681497038695177
58fa8486,361.28463363389506,14.370964637398993,3.7709412116417833,11.865701003853058,-8.094759792211274
591cc951,449.7729118364218,24.160790830645386,6.001725270481468,15.02199480507308,-9.020269534591613
593876b6,174.62242574206164,15.001326933290933,3.185790221180534,12.278386863654298,-9.092596642473763
59f8b2e8,776.5700873069754,37.04024205171972,4.746736859729242,6.235385931133263,-1.488649071404021
5a1a8fd8,477.90873961458783,12.034765119618209,26.095553652006043,13.165282167987698,12.930271484018345
5a5269a9,628.5744700511235,26.09034033860767,12.895023959511448,5.863105043604518,7.03191891590693
5a5d1982,333.6301853068741,11.894379094433493,3.1763845644127806,7.106652935637849,-3.930268371225069
5a63b5d1,409.95686041324456,39.0852906914799,62.51124397664402,19.44924550712061,43.0619984695234
5aa03df7,1187.96998781505,29.40672758361802,18.529991303713704,6.58601427636249,11.943977027351213
5aa403d0,374.9932657172998,23.555814211328993,6.191346355210469,25.684478606280763,-19.493132251070293
5aef5c6c,2357.0426288252693,80.74315377082672,28.494937563166545,10.926258823623488,17.568678739543056
5b7b6324,990.4785688743277,17.05897449841286,4.020931209203424,17.673226229685234,-13.652295020481809
5bd25f59,296.4645133907137,25.027400913486346,6.800868497991536,4.338412715856817,2.462455782134719
5beded95,1781.8965005988819,13.934621772464876,11.523460097874691,16.64432832796459,-5.120868230089899
5cb483ac,203.65074269465552,10.808540297346982,3.118268656398601,6.114075023717169,-2.9958063673185684
5cdd8dbc,446.444224735791,14.67639195645082,3.735900299093063,17.231660513857207,-13.495760214764143
5d11dfb5,209.5642297722501,14.429776288979829,9.63157112655803,9.758377072411292,-0.12680594585326155
5d7198fd,374.47224912156526,23.425187259973555,5.453684730920895,13.36645546990557,-7.912770738984675
5def1ce5,342.55492907896206,11.039914214312384,10.22896332869297,8.052417616706911,2.1765457119860585
5eae34a8,687.7782677384073,26.645133574512773,9.725851557107156,7.397484649492449,2.328366907614707
5f4d2a52,699.8424163125018,34.38236891323639,21.31220777606906,56.9149172585314,-35.602709482462345
5f6756c5,508.37901707291286,29.6547721114895,9.407409882429036,8.573813859683462,0.8335960227455743
5f75f796,375.7053978849512,35.306550361618584,6.611992144280342,9.23991590625712,-2.6279237619767786
5fb1c15f,712.5664449718241,26.215809131848225,16.183126471348142,18.291082508578185,-2.1079560372300428
5fffa282,237.00884851438155,12.91999665151584,5.465501517824016,5.318148657346763,0.1473528604772536
60e37807,359.79409583342914,27.87656352191984,7.828940661818919,20.874268055180604,-13.045327393361685
61f27424,424.794313515495,14.459838685045725,19.290598064836537,2.8150009994687166,16.475597065367822
62569ae3,391.53813019904493,24.310959454726873,13.574044283723891,8.163464251076302,5.410580032647589
62a6f539,319.0989659962794,13.314474369436294,8.392310437187357,7.864940463331049,0.5273699738563078
633774dc,405.2421375778978,18.770497588584405,21.306790363221108,14.212429924790966,7.094360438430142
63559d57,258.6037390400014,24.345267875084755,6.3701985072081495,5.894220519880757,0.4759779873273926
647f2a41,412.7641819617405,17.59313885325437,15.755837995130982,6.546227092935274,9.209610902195708
65156b96,739.7195270407187,25.73553827042548,2.944920861055542,6.076781706471203,-3.1318608454156607
653612bc,333.1028727880115,11.093540342777896,8.2015185412089,2.8332405605306503,5.36827798067825
656a067b,176.0870503471441,17.218651576397402,6.521720986598167,14.667037832749068,-8.145316846150902
65a5466a,270.7103235932512,16.190707549007723,10.86199929223608,11.991020361693243,-1.1290210694571634
660d9546,367.56974249793575,16.336482358799785,8.184280357354298,9.433757519583333,-1.2494771622290344
6767c111,528.3938815346604,31.585324403460785,9.79167337198701,17.475154063370617,-7.683480691383608
67847288,355.9660912874691,14.461590506717485,5.086339683658561,11.461290028070946,-6.374950344412386
67a8da4a,367.0974270440746,14.493181264581828,10.230058467282822,14.48691836331104,-4.256859896028217
684a6fc1,0.0,12.898250544333028,15.06391321291097,24.030978453294004,-8.967065240383034
698930d1,174.23150404010983,13.624897648698148,6.214853598136597,10.389172214568047,-4.17431861643145
699ea575,297.02682763020505,14.613122926237121,10.547713548796215,10.392889600471303,0.1548239483249123
69c1bdad,509.2785714130685,17.3091941714794,7.560921751975043,9.789958199101882,-2.2290364471268393
69e41fa6,215.3628867786406,15.65318141148462,7.3097981324645795,5.861732687565972,1.4480654448986074
6a0ff78e,320.776151463677,14.901974598470973,6.569429630341156,11.350827388917208,-4.781397758576053
6a8fa194,438.1163852900411,25.292512643937506,3.4624148033201125,8.348329338921092,-4.885914535600979
6ae68655,712.2318608141368,41.15965561659306,6.058963919177367,5.259877371830794,0.7990865473465734
6d1d74e1,530.7073411967293,34.554683558952924,37.51420602650352,11.887571200184343,25.62663482631918
6d590e26,202.76081479782772,16.501445350543886,6.180435393855349,8.629685403348205,-2.4492500094928555
6d6d93af,774.8725180955087,38.14555207831408,11.36056389938786,32.195372520142506,-20.834808620754647
6dbe4b60,368.6487173431885,20.677553548575595,3.338662530160852,8.699464045404161,-5.36080151524331
6e6d122c,358.82980212414594,13.840113418103593,4.934179100764622,9.11700946941914,-4.182830368654518
6e9ccd38,506.8291301808012,18.161010735570255,12.55555613982682,12.23949279951463,0.31606334031218886
6ea22614,367.059027989746,18.667354615271996,8.302566751468099,6.4753183432909225,1.8272484081771765
6ede926a,350.39420385094945,16.8322157004882,7.19915352226903,7.686767373145472,-0.4876138508764427
708caea9,346.83401101955127,25.020349709973672,13.772110023218907,34.916458237909005,-21.144348214690098
70925e23,3987.183067492649,53.661102849124916,116.48050054449894,14.784803005082049,101.69569753941688
70e1788b,720.0498027915294,13.236794303663583,6.255843470089092,7.159206283115686,-0.903362813026594
71642c7d,170.3243941650482,14.711466650911632,10.92239902974402,11.901230993511438,-0.9788319637674192
71ccf778,427.5409319264555,24.277396226216617,10.309978754592647,5.388651839136806,4.9213269154558414
7224331b,1013.6499494744253,35.97171745022396,15.863253563152371,4.338260107312621,11.52499345583975
722cf0d8,595.4906908590586,18.73451089400236,9.468699460093696,11.12729310642696,-1.658593646333264
7256229b,700.1255764503547,23.432296547380552,6.610271841540081,6.645392469305564,-0.03512062776548319
726f3dc2,183.614256926626,14.027594921927601,6.0877342371801415,6.931383638655225,-0.8436494014750835
7271dd80,808.6079166692606,26.64029888363453,7.002327239618908,8.313957865645467,-1.3116306260265587
729665c0,411.6734760703632,19.37825710525854,23.885153417854305,8.662513145164612,15.222640272689693
729e9750,518.6597213010914,13.718827571532646,4.860687446560147,8.825983755646552,-3.9652963090864057
729f4217,352.52404663976205,15.630802439293129,3.347659233404201,16.25171177822061,-12.904052544816409
72dd8501,183.27872817110926,11.501762347978447,4.246654644996717,6.07208203523586,-1.8254273902391436
73348914,165.57689724113612,17.65617454629876,15.17065405113554,10.691729206195715,4.478924844939824
739a914f,338.66649509508954,20.900234710105554,9.0945521197346,13.540022100878758,-4.445469981144159
73b1447d,245.19432167777816,13.669648381046887,6.807429897084319,13.404843871674936,-6.5974139745906175
74b6186b,326.6928371739711,19.746584989562162,5.872221043038083,9.007196786463387,-3.1349757434253043
75c20ec7,918.0544743096668,20.451915214412036,14.052504700051031,11.054465755153933,2.9980389448970985
75cd5f11,165.06144431698698,12.434651935217127,7.028185587577396,5.260066074409697,1.768119513167699
75d20a82,0.0,13.436390003610196,3.932287858081988,17.230705080539593,-13.298417222457605
76201745,95.55237299209558,14.306656375845215,5.2006079427793726,7.881811891978768,-2.6812039491993955
764072a5,312.31391147380714,11.602281564416442,5.344191258600207,6.358306065218297,-1.0141148066180898
77b0d905,468.99862635975853,25.224392709451664,6.641946839162837,13.048365351893995,-6.406418512731158
77e4821c,743.552611790273,13.53200321229264,5.268929335260783,19.218605395377665,-13.949676060116882
7850c72e,21.049353909258826,12.749176551227555,28.5499808139639,12.350659981673209,16.199320832290688
78a4a386,49.989625921087935,12.801344071329199,5.704028180700083,5.866186376682608,-0.16215819598252423
79507629,349.68942634846843,21.548837265616072,4.843782307744391,12.57032003546627,-7.72653772772188
796dbd4c,375.0347034609425,17.763464952237804,8.227670105565759,4.867507118040292,3.3601629875254666
7987f2f2,257.48137097659173,21.391543296578043,8.772521651683816,12.030471815010396,-3.25795016332658
7993a768,287.14384830263793,11.226238610165243,6.478507330832066,8.94458476658435,-2.4660774357522843
7a5660b0,379.1832411908533,30.04947875483872,9.678638115322178,13.453411559639392,-3.774773444317214
7acda2df,341.85415384315206,9.427967018895124,8.515712707589966,13.841227690699125,-5.325514983109159
7b2c7b3c,666.2422248068874,22.103851564768156,5.871052717687356,6.17273385674935,-0.30168113906199334
7b38844c,113.0578524994288,8.811496747240016,4.585564257032001,7.388349907150671,-2.80278565011867
7bb17b96,542.2738927882899,22.07247348933727,8.818496248817986,17.009046194531738,-8.190549945713752
7c607683,357.7990495836326,15.940605611833504,5.690300753136694,16.864753655466934,-11.174452902330241
7cbbd047,616.3839420313832,36.4492651192638,7.805079256756777,12.532698729088269,-4.727619472331492
7cd4bb31,389.6237408136938,13.679836259092008,5.778454344675478,5.9143797077311655,-0.13592536305568714
7d50373e,349.8554760182967,24.194802377977037,12.370191540073243,14.288140886490114,-1.9179493464168704
7d57c75d,120.70237528724341,18.516831353106387,8.850630408949476,14.198113996829491,-5.347483587880015
7e208414,885.2387395496446,19.950599889163758,7.038987047507952,6.381931414565357,0.657055632942595
7e721392,410.9886395954419,12.789338721220757,81.27178109758994,40.33182647395196,40.93995462363797
7ff89f8f,506.6606379623254,13.90270031616162,17.80791713412352,14.155555516103233,3.6523616180202882
8050c789,698.0088334684324,16.867340194422148,27.70881851848724,7.786449457719408,19.922369060767835
807f0298,483.42817569020696,23.834556914351882,3.0742921470704,8.853825493010934,-5.779533345940534
811f52b3,328.8540622623201,12.282597469855574,8.600337232550775,4.598301010999275,4.0020362215515
81fc01c6,1023.6233515312383,33.83300726892857,6.088315636272564,15.007610097527794,-8.91929446125523
8255c867,350.13978023072536,9.310674632344165,7.667043324902964,25.379544413656888,-17.712501088753925
82aab6d2,196.14879467224824,14.200466371588881,3.5916461204324435,16.359385167102737,-12.767739046670293
82fcf37c,505.3822831282796,20.677820545212118,9.588191244711874,6.562385974432521,3.0258052702793528
833af382,356.32242702335674,8.492059158413932,3.816480744036325,11.932419080398546,-8.115938336362222
8382f4b6,320.2627588564437,16.132704380861767,6.651513317494384,35.95761354475744,-29.30610022726306
84633df4,254.7243245355123,23.115462387323305,11.240465053676658,4.736172446701271,6.504292606975387
8478df29,255.58285118443655,22.987628856296535,6.352145417146777,14.043024034272376,-7.690878617125599
84815d5a,200.62270509615888,17.812350163843334,6.766989479274089,18.796385252137515,-12.029395772863428
84c3b497,408.9390327419716,19.172279753266057,14.136426874545233,18.960394713110585,-4.823967838565352
85380836,324.84360852565504,15.753307874360095,5.41840700388223,14.16579981313258,-8.74739280925035
8612b37f,745.231491148909,23.500182146900283,6.311859930581228,19.617069448970486,-13.305209518389258
861e71df,233.26649991549255,24.519204861868744,2.108305762636352,11.539564677986592,-9.43125891535024
86454a6f,631.147403077287,16.839770529445374,21.28370761119808,70.26338513734783,-48.97967752614974
8648abae,482.56808649148445,21.661468815618313,10.38378746703736,6.857839767871924,3.525947699165436
865033f8,250.6030289121196,16.120904409628597,4.4504196160758696,5.940308678128904,-1.4898890620530345
87695469,461.1969382843073,35.2907377111346,12.05786582165425,7.051593014629924,5.006272807024326
877ed19c,300.10660589214956,21.117563400742505,7.34822523702696,3.961990141908008,3.386235095118952
87aa3730,359.26505006732447,16.22384683883564,14.97725561068324,9.116484132166912,5.8607714785163285
884ecb5f,321.3012324905134,14.521745426579361,6.052656218047088,19.92891011540457,-13.876253897357483
8902c3f6,508.54194261621353,20.173161771506706,28.72813040686548,8.832044207317482,19.896086199547995
896d15b9,750.0726612803861,37.45402101556493,28.7770872506862,29.78460727060298,-1.0075200199167789
8995c945,346.0694948992254,25.437418028123595,7.806709352663797,17.049572930743697,-9.242863578079898
89969c7a,562.744511852689,18.028253356748905,3.280729083260921,8.235332474787521,-4.9546033915266
89f1085d,704.8315883301898,33.19490750076529,30.632745508039044,27.630506752261244,3.0022387557777996
89f36adf,326.3988010974987,12.917073491893188,9.34875274070762,4.477972454313123,4.870780286394497
89fdb2f2,1.4863721575506275,9.07378661899042,3.375675420972461,1.6866180518953555,1.6890573690771056
8a3da6d1,204.1318318349838,27.559577545235122,19.79164680291339,9.412246097229763,10.379400705683627
8a89da23,403.0757573293929,9.482831733236507,2.507091187444591,24.25245630494712,-21.74536511750253
8a9c8932,684.5224797152105,16.3856391906555,7.028969855809693,2.3969295087935425,4.632040347016151
8ac2f237,494.11274279392836,20.566952293676067,4.141888592092672,16.45119897844976,-12.309310386357089
8b12bab6,480.3881685676141,27.3451421002777,7.899595186932734,15.81125639210872,-7.911661205175987
8b5be31b,371.43271582651573,16.302097820813703,6.898867419720402,14.42858472653754,-7.529717306817139
8b95d6d1,0.0,17.83035628896832,8.659462191306444,12.821591683060278,-4.162129491753834
8b9d8326,1040.5095067546008,26.955939808398476,29.60642843046102,6.582552988433189,23.02387544202783
8bb9c1e6,322.7467245444276,14.634716768061345,9.43667378851979,5.877089429163017,3.5595843593567738
8bda1a11,498.19590944030045,16.267724435815307,7.412905140390518,12.860573075338545,-5.447667934948027
8bfa881d,301.52437523501135,11.565613810672058,5.382403978457674,24.9076564786714,-19.525252500213725
8c167025,1160.8763713963103,38.17906365791397,4.008917852583739,12.842100494100915,-8.833182641517176
8c8348e8,168.70341687383564,7.374889123853245,2.944003665224049,6.541121071059431,-3.5971174058353816
8cc21f01,897.392475581886,28.207001783411506,23.12097528259706,5.692405675014437,17.42856960758262
8cc800b3,1147.200402065933,41.992552297252466,90.24553331246436,13.894631430456734,76.35090188200763
8d5d46d7,348.26077312841636,13.461784567805115,8.408471183270352,14.448678432466648,-6.040207249196296
8d92cb49,383.66480422389867,23.98852873640845,8.906157061905011,7.261615385751236,1.644541676153775
8f201368,352.29045928054205,13.918385870293173,5.6508431202951,31.179492905922075,-25.528649785626975
90386ee4,347.85312992697243,16.234070641997782,3.872536405263763,10.15295461024554,-6.280418204981777
91abc4c7,341.5161890744773,18.25813182487118,5.2384384826550106,7.02683994774031,-1.7884014650852995
91b301ce,1932.7726554873411,40.63485342043214,16.439582086174884,35.315076932980844,-18.87549484680596
91db7070,366.0307769846485,16.995213836824128,13.419171642933618,40.80747690976154,-27.38830526682792
925a7cd1,373.35323287708536,22.692522025093957,6.007330740819825,4.612563792738408,1.3947669480814167
9283ae69,442.1585231873168,21.750851410711,21.508790891675968,6.173284378497139,15.335506513178828
9298ad5b,724.5927223826591,18.68259572473942,7.790209529117513,13.089984763550598,-5.299775234433085
9314ff13,461.64314638020966,18.804701207410858,4.381553454808019,5.189815774469084,-0.8082623196610648
93209a3d,410.49666856241333,22.97831356456166,14.416081811302847,13.65809981076041,0.7579820005424374
939d9c34,628.0002993543079,30.111221490227507,20.829218455461007,15.729081869192102,5.1001365862689045
93f5d2e6,463.931844544147,20.57143748657062,13.997300851911476,20.10571368100563,-6.108412829094153
940a48d9,389.1985493291027,14.84480158117221,7.31802932458978,10.06328128166555,-2.7452519570757694
940e709a,351.5920027534631,21.527637178752457,23.872513152093045,4.6519560575408425,19.220557094552202
9426ec1e,376.56009038306746,14.103164812632164,7.623526193162887,12.079413246018726,-4.455887052855839
94467f50,1110.8856707351874,22.072586968849414,36.15918192558481,7.795325573109472,28.363856352475338
944f36b9,96.08488174508884,15.25708969422064,8.601455620196603,6.513075857645095,2.088379762551508
94d813a4,169.31403485833093,17.8472651528882,13.651883876830064,36.730942118502206,-23.079058241672143
95b559e7,269.4672479792483,22.473205259482057,9.581198482358072,20.38335913388356,-10.802160651525487
95c8427f,392.480381675183,14.892683973599341,4.004381106904461,27.215687207592826,-23.211306100688365
96936c22,276.8518674312896,10.605285662553891,2.796342739444256,4.079825343764616,-1.2834826043203602
96ae5806,288.656554318305,21.329220228377345,5.881462420258192,8.450669041365172,-2.5692066211069804
96b7eea1,345.8391895089723,34.60106143941761,10.258169277849666,12.405056848354109,-2.1468875705044432
9719aa04,179.01433609005926,12.336086689354879,13.51759268902508,7.07656345543121,6.441029233593869
974802e7,994.5847269017042,27.535990018545164,16.03810066390063,13.80511563998303,2.232985023917598
97cd5bf9,1024.82525777397,21.868139892535353,4.259572384440273,9.273936692075774,-5.014364307635501
98177ced,159.21162955822967,16.014675742808556,8.822428975293782,5.779865915399804,3.042563059893978
9896fc0b,564.009966153673,21.24847970090046,8.376837233968049,15.814766850712996,-7.437929616744947
98bc6f66,500.9540718468468,28.268719433987535,12.385921130877348,17.645391862557158,-5.25947073167981
992c99e8,340.79347801460017,23.838483209441257,2.438109139795878,13.77905931963707,-11.340950179841194
992ce078,422.7305564585114,24.67401495096906,3.261249541429593,5.02484380821733,-1.7635942667877371
99529c45,873.8908276885159,26.239014190911725,6.743978296202156,21.675545088419643,-14.931566792217486
995ff498,693.2758958017289,16.526296422292763,9.587112123463292,8.343710199277547,1.2434019241857452
999daf80,355.60201506678936,12.321685381171736,4.645756839826606,5.121625403452367,-0.47586856362576135
9a6b0392,253.4870090440035,25.23006229543895,15.931456384176771,6.974051133501153,8.957405250675619
9a8ae0d6,358.93949712707854,15.335919364886372,18.169527543548824,5.937216688673599,12.232310854875225
9a95e33f,394.5322639531274,22.231324738066498,14.398781107794452,32.28932813245856,-17.890547024664105
9ab94eeb,739.1524342187313,26.63654740716306,11.491269303900532,8.205724523051869,3.2855447808486637
9ad5410a,355.5708493394439,35.11653313767427,6.929489693236973,8.784377249544983,-1.85488755630801
9ae248be,317.7850549983863,17.420030871169963,7.713860735080662,8.107003944596206,-0.3931432095155447
9af1ffd0,1715.5548922410144,27.42735884477896,5.167675566872506,18.128053838502368,-12.96037827162986
9b5b61c1,373.54847208913134,14.220318594795971,6.133007031274987,5.429982209622746,0.7030248216522414
9b9e3b49,319.00804065127824,18.958497507301907,6.770165029971618,7.923721572593473,-1.153556542621855
9bd2bba3,334.8801276920258,16.842346800548395,13.012226925647685,15.673287472863077,-2.661060547215392
9c211c53,995.9790721194246,35.647099022922184,19.02468130095652,6.466506541772609,12.55817475918391
9c350a6a,1277.8681843213515,20.77528955875239,30.53747453541364,17.397946606336834,13.139527929076806
9c8375f7,327.16661335358776,8.895328496120708,7.679656317254079,5.917156069883692,1.7625002473703866
9d072e4c,393.2512201304821,9.487968549884327,13.83330452259132,9.990804668905984,3.842499853685336
9d3ec64c,1337.236430740651,23.708500576995,17.51230874234947,9.187876827833358,8.324431914516113
9d4272e3,1267.6477771054258,32.41026534308803,5.787513108698587,17.76831335353228,-11.980800244833695
9d5e14d4,563.6198379223831,15.980774728951822,6.387803303403064,28.54315653272841,-22.155353229325346
9da441ba,364.4062625696092,25.745783635383745,31.000682689079134,15.618529769468404,15.38215291961073
9dede370,197.38477550217368,12.156407630725829,11.272228973300576,18.676124657054373,-7.403895683753797
9def2eb2,463.9687382787732,16.58881493233838,111.2739241674514,7.253592864593499,104.0203313028579
9df1b1f9,890.257560259596,27.631480284891904,15.74495429573346,12.592269852167446,3.152684443566015
9dfff011,1371.69443116908,32.332542333537525,26.21493201518421,4.8459695911212535,21.368962424062957
9e3e364d,436.1765375913769,21.300443489727748,7.119864517268899,4.097267023631261,3.0225974936376376
9efc812e,600.0044903998102,16.329947135171647,7.543291516388488,7.747022854046375,-0.20373133765788687
9f0c7bae,825.0853544328011,16.351341114722043,11.839822520117188,7.898258335635161,3.9415641844820275
9ffce529,467.0896731023494,14.312117110164463,6.490179152340183,11.084878093703349,-4.594698941363166
a0383629,711.4714140430278,16.775980865045515,13.872004475538972,8.416225361246278,5.455779114292694
a056d01e,366.05068753904106,22.40455745177828,6.643862279008665,8.584211201864289,-1.9403489228556232
a08d9e63,866.4199289078226,20.80526220364429,18.24734711360896,21.46258569009769,-3.21523857648873
a0b83014,394.279330551647,25.35321465533265,4.628193265513732,17.51843897699374,-12.890245711480006
a0e92ed6,202.05444810743464,14.50552093170024,3.52307843464937,8.114542367589692,-4.5914639329403215
a15bc102,1431.1185286810028,28.130506231836247,11.768536387721616,2.578928597930721,9.189607789790895
a247e7cf,518.3483384751995,18.044407677657613,3.737155769353985,4.201165296490171,-0.4640095271361857
a2e8e7f6,299.9108982233433,18.666286115382825,21.509614945181724,10.698430341162505,10.81118460401922
a3518960,604.7287907815471,50.56967446009467,6.9338778554285385,7.100675858286987,-0.1667980028584486
a3f71395,672.6286327235737,35.001176026168764,19.041758484538335,15.089395383508826,3.9523631010295084
a4719920,1066.5820920436518,31.59881156378708,55.61653196184811,7.205451003735877,48.41108095811224
a48640d9,745.9944718963429,20.001440719592335,17.26851674435256,21.62661277141432,-4.358096027061759
a4cdbb0f,639.349807618197,21.494548859924862,5.260633353939569,11.150021440885435,-5.889388086945867
a4f989c2,0.0,14.084240838316544,3.782366737105937,10.578786672639088,-6.796419935533152
a5aa7973,165.6293068877341,15.565261288664052,8.927572690231703,14.159778554983864,-5.232205864752162
a5e6f7dc,1147.200402065933,46.72621306611503,76.34918010339294,6.350818327780091,69.99836177561285
a612d5a0,403.01050437042926,14.770516680876673,8.902333234134133,19.256901319606147,-10.354568085472014
a622ce4d,335.4363024478922,24.43299196750939,5.53765654548398,14.236097814848373,-8.698441269364393
a645da9a,619.3930063505416,23.14672971467838,4.798814280673507,8.951092580974047,-4.15227830030054
a692b17e,336.2828359142219,12.384224831351343,13.17818040747481,13.138061444708828,0.04011896276598215
a6b8ac67,676.3538711200706,26.505154102376125,21.548423999463388,10.875902281234389,10.672521718229
a6ed2eff,315.01856900207616,25.845399766613873,2.306748119922274,8.632582794631363,-6.325834674709089
a6f967fb,98.12314197315635,15.699426824753775,1.9447172902041172,13.762814229045636,-11.818096938841519
a76db406,508.54194261621353,18.46539618448494,17.454169530743794,3.704320170837743,13.749849359906051
a7744f5b,334.8548289932999,11.981670620551137,4.147540440737527,13.084948643934052,-8.937408203196526
a783cc24,96.65321308688704,18.789792940583304,3.803393527724068,26.72523186448825,-22.921838336764182
a79fd2e7,197.26949060372363,30.929450317673847,13.762247213851612,12.374341369091132,1.3879058447604802
a7fc3e6b,2635.211886165343,28.46201960071891,42.97250403601129,18.14952935899368,24.82297467701761
a85bb86f,1010.6197956293256,17.279133189004607,67.3008457254803,7.873900707960967,59.42694501751933
a85e4bc3,1170.8196483647343,38.583046837606304,16.16155185586488,9.638478456190704,6.523073399674175
a87433c9,1070.29892979451,26.87417288946704,23.421332132431733,9.580358514748031,13.840973617683701
a959858c,250.76755870719566,18.852240324013955,6.243254570292029,65.35865899088088,-59.11540442058885
a9c9b150,348.512416580479,27.16499689099112,8.838340809017849,1.1630317709118394,7.675309038106009
aa95015b,552.7913429135793,28.90074955099555,5.709815906988222,11.725050285011942,-6.01523437802372
aaaf3c03,846.4095994591194,26.70585788417162,34.383744656175494,15.079592231507316,19.304152424668178
aaeffccb,548.4635306925744,22.129938431907142,8.941955734674531,4.756126793123975,4.1858289415505565
ab112491,1358.0707354051192,19.976036719055028,17.829981308886264,28.204036984751497,-10.374055675865232
ab18d3fc,702.3510918336209,20.441221182637232,13.078216716950395,16.597890792722144,-3.519674075771748
ab3ced07,310.82503888815836,13.204714120343407,10.92639326805904,9.79752444242884,1.1288688256302013
ab6fe95d,563.9076348226399,31.15181654557142,6.941857548519552,6.679580639772047,0.26227690874750476
ab94878e,313.9669818627223,18.32865136712202,11.828401633180466,6.090270250340663,5.738131382839803
abf460d2,195.69818908902303,10.576737932665246,3.839930716352741,8.350877150110843,-4.510946433758102
ac6f01d5,1155.9917971391271,21.48846713829394,33.80958205434039,15.96252970103582,17.84705235330457
ad2133a8,477.36295029665837,17.61592926294269,7.591523742944924,28.088198915386187,-20.496675172441265
add9c322,337.42593948142184,16.63543759641504,7.652750050037196,12.296784203800955,-4.6440341537637595
ae069086,434.97934411274645,19.294579701547377,4.42695594102256,14.585517424947833,-10.158561483925272
ae0784a8,658.6614557994619,19.91439164096448,7.754323794620197,10.87737509844777,-3.123051303827573
ae35f33a,179.97274515906827,14.284770941788823,10.970812883164257,5.095172945869384,5.875639937294872
ae8959c3,356.574522247724,31.061710850371426,12.384946295696476,19.76800976672305,-7.383063471026574
aed44918,681.7776941199811,37.988474321167686,2.789561891373701,9.488704385906804,-6.699142494533103
aee6393a,400.86414279812755,9.715009898201796,7.850665241670062,4.665683726709421,3.184981514960641
af7a59ce,1005.4763450494956,24.637074164660444,3.8043659580545497,4.115059728297358,-0.3106937702428083
aff4e561,508.09666501560463,14.055953795789705,9.471444696771242,10.851934253065428,-1.3804895562941866
b04b58a3,1141.5319650803442,45.7244084801474,10.218944120557207,13.058667367524365,-2.839723246967157
b0d42b0d,1027.2958169839335,26.830454137478675,21.778626641078997,19.797243019186585,1.9813836218924124
b0f53bf4,629.5802980251399,21.05258591034628,8.301876681501234,9.231328022549082,-0.929451341047848
b19b0395,348.613649754159,11.008768025419423,14.842963120934092,10.045237735851847,4.797725385082245
b1efb8a4,169.27326534248527,9.87596507138261,3.2546372099074827,8.506706925766984,-5.252069715859502
b32902c0,348.2406083442686,15.745126713824298,10.991679811261656,5.155416417213564,5.836263394048093
b32e4903,329.1600991329494,28.91961732319642,5.64322488349373,5.863958705383137,-0.22073382188940727
b3388334,404.4573695098712,25.189412836547962,8.625695293904972,14.23010661853958,-5.604411324634608
b37fd114,1372.6404978730175,14.580089966715052,19.53990177901386,24.97877020046922,-5.438868421455361
b38e3116,178.24922047821264,10.564662343834133,4.699331022018595,6.404438939196513,-1.7051079171779184
b4d8dd4f,589.6183482510744,17.14538251448422,20.798825705345727,17.098418824477594,3.700406880868133
b4f37e6e,750.3339423216719,10.368430374820534,9.917958717643694,14.94895263643877,-5.030993918795076
b56bc0aa,640.9081857068139,18.02934045230869,17.657799228241082,8.788528154094545,8.869271074146537
b585b4fa,324.62911017381225,12.900135283846499,11.116647306294023,9.973817813617734,1.1428294926762899
b5aa9634,128.89315418164742,11.286430127198074,8.424644364174227,11.47866217552782,-3.0540178113535923
b7974e66,304.0061983950057,12.256778876731065,1.9164671526807635,6.972963992749996,-5.056496840069233
b7cdcecb,550.8002746006367,39.850721429322725,8.023058925604841,9.27435143131154,-1.251292505706699
b7fea9ef,97.11391036979828,19.44356613007056,29.33792489274942,11.148074644872509,18.18985024787691
b85f7b06,276.2715134507721,21.257671281485813,13.441311675228288,3.569865119414346,9.871446555813943
b881d27e,361.38391783095494,13.174312212406498,4.939680204300782,18.785154458691416,-13.845474254390634
b8c49c1a,514.117245330254,22.358838707895423,7.322332389336221,8.256954162110757,-0.9346217727745358
b95e7121,332.62541941541974,29.4176964961399,3.1426548158274774,3.420459976059893,-0.27780516023241564
b977be4a,421.3714002255891,29.159911978584496,7.703491755394627,18.57837175934225,-10.874880003947624
ba48188d,491.3271872347002,13.61666285654044,10.191731160330214,50.93720227649117,-40.74547111616096
bb2cdd83,333.34442023209914,13.432000953297257,4.861407581828831,3.017674077265869,1.8437335045629624
bb337fa0,448.99742189606945,18.892576956083445,16.88624357593837,24.083821271230853,-7.197577695292484
bb682ebd,165.21724942859038,16.502517916978572,17.998217852046984,19.87022580202752,-1.872007949980535
bc4381e2,602.8868690723514,15.257699170725893,19.255793378002963,12.598370947658928,6.657422430344035
bcebcc5f,0.0,12.235631549516228,5.954568868977937,24.241537215571864,-18.286968346593927
bd2c2f34,368.38499385840777,13.718109936662975,4.843373026181062,5.663541608648027,-0.8201685824669642
bd4ae5da,286.96202571084206,23.968324116164037,5.957996750888114,14.052431666337634,-8.09443491544952
bd6f0e19,327.885248372121,23.07771760811719,2.6416108459611105,10.118149844909516,-7.476538998948405
bd8f847e,552.9346750747075,15.126353658433025,10.010253505067451,7.389741905257485,2.6205115998099666
be063506,1187.3597915119296,36.88460502025199,9.938009432211484,9.685884513043288,0.252124919168196
be35c8f2,548.8552576664513,34.0266782927169,77.53501709026672,4.674735185385168,72.86028190488155
be83e781,338.63259604536836,16.40688259925612,4.175478280983249,3.153797319886804,1.021680961096445
beda8696,520.1301608075408,10.113772525464523,7.913940451646149,9.819955216289504,-1.9060147646433547
bf39bc20,479.5017488682174,13.316654922220238,10.701929975717578,8.401808199266226,2.300121776451352
bf70b410,521.2691042035844,21.794288663556987,12.339348899186326,18.92027972423361,-6.580930825047282
bffe3082,1147.620725647934,29.52184466628072,23.462532489367888,16.598918029974968,6.86361445939292
c03b9305,863.7476764081277,40.66918519726427,24.876684681069843,7.117117209081791,17.759567471988053
c03d4aed,659.9067971956786,24.36493876386393,5.086650030260263,12.583094329136486,-7.496444298876223
c03fba65,4223.3684920212645,35.26911741679079,24.814469592035508,22.73997163830257,2.074497953732937
c07fd0cd,194.20168124910202,13.848483220194224,15.624852308691471,4.052934357090802,11.57191795160067
c1708b88,366.2459428928541,44.29593067935812,7.087739466117899,18.304767828554887,-11.217028362436988
c1d046f4,376.9153630460924,23.848298419384193,2.4338033225795392,7.700112298091984,-5.266308975512445
c2717d4f,188.84990638611328,18.526467440180497,6.625091915904872,8.452559650622254,-1.8274677347173816
c2c4db09,410.1514717044987,30.59210405529248,10.05120070018841,9.028322821306515,1.0228778788818946
c2c6fc71,85.13752874058939,18.295816632498322,8.919609747423031,11.767462410523247,-2.847852663100216
c36625df,408.7173879578348,32.34133977785423,4.358997550082676,8.003204999077816,-3.6442074489951404
c3957531,492.4771154074419,17.384858612723185,16.04911332638939,12.518722274768232,3.530391051621157
c42fe306,361.1915336768996,17.891970148731428,25.32989367149248,11.279308916635769,14.050584754856713
c43812e2,1050.8614213111368,30.6118904020052,4.821789534473488,7.016864008504025,-2.1950744740305375
c472c0b5,174.12239373489697,25.226387962000896,3.301697000647796,8.28128095427446,-4.979583953626664
c47e0767,341.47551083492294,14.232332468713771,36.55375416531692,21.47720905393819,15.076545111378728
c50b42f6,396.3330834596069,12.918158377974734,4.327523030518571,8.604265674370385,-4.276742643851814
c593337f,1468.9009789195607,28.245037730431086,10.88501537107726,23.822334034025907,-12.937318662948647
c59b6c4a,538.9965603175825,13.545044281937846,4.368655190196891,20.95260342812808,-16.58394823793119
c66be2b8,370.38606486041715,13.772280323952733,12.048817942537926,22.22675651226209,-10.177938569724162
c6797dd7,357.0973909599395,11.729672211639507,17.608312419442512,5.82900989050451,11.779302528938002
c6b782a4,350.55810213728364,18.019669430853746,10.05516489756131,12.807882966584376,-2.752718069023066
c6c96179,156.52730407408183,14.586397196300435,2.3844688687442277,8.772647918302802,-6.388179049558574
c70c0e01,504.63960258769373,26.873216677751333,7.000014803012705,8.964901066736223,-1.9648862637235176
c84c65be,471.03515547370125,31.757307708243086,9.227244389918642,9.738388019795911,-0.5111436298772691
c8d9680c,179.82288981102982,14.935316367590033,17.56951127835516,42.77043899776709,-25.200927719411926
c908edd0,421.47308152729545,22.71411842183351,5.988821768688863,8.765028360555872,-2.776206591867009
c9578d27,348.65118894550756,13.115099264381932,13.949608485017883,10.30675636818252,3.642852116835364
c96c018a,378.65212979724987,20.988955391764907,8.259851194003822,12.859960619036777,-4.600109425032954
c99f9fae,943.0688311402092,32.16322543417082,10.49194354641635,5.40523137400998,5.0867121724063695
c9e6734f,602.0556607161765,14.010727973758938,3.725434978262971,10.310371611471204,-6.584936633208233
c9e980e8,284.33722260497655,21.70356199192144,1.915141810145199,9.741734918381256,-7.826593108236057
c9fedcf3,1181.0060098067124,24.174026609152172,12.59651096542811,7.471714606706554,5.1247963587215555
cad13e8f,159.5466868974823,20.145836874137988,2.883063130839572,17.022296131058066,-14.139233000218494
cb34231f,20.625850153853207,15.843426657263606,15.598795226045032,5.418906491757253,10.179888734287779
cb879f40,191.49436040363793,14.519922159050704,4.502391173024018,8.79643766880234,-4.294046495778323
cbb406b5,620.8466929922961,53.22472375089762,5.908483159327395,11.364887497962812,-5.456404338635417
cbe51de1,311.37334022014903,22.844178407405586,9.743457233058948,15.022202061672788,-5.27874482861384
cbe62450,180.7250279381621,14.511946032230952,5.975263779341834,18.607063412926227,-12.631799633584393
cc08aa63,508.3800071753159,16.03059024173357,17.710812951112786,12.988941242217614,4.721871708895172
cc8a1d57,515.2758433835511,22.634477369483662,9.984807675433522,27.55539015081038,-17.570582475376856
ccedb12b,196.21768014122915,17.315175379923403,9.231013607887528,10.609060511646556,-1.378046903759028
cd7f1687,380.1477343655188,31.230284806256357,6.387434004279213,10.573162838089829,-4.185728833810615
cda7eb37,222.90574330876396,13.558680741041782,5.866495933718505,10.042623008757838,-4.176127075039333
cdc31d65,234.916442411964,13.34306469438086,5.929764718599135,7.482412321764383,-1.5526476031652479
cdc60a53,329.1598215154191,12.215095425333386,7.939459783740319,8.315926094659538,-0.376466310919219
ce55ba43,374.23481999923706,16.301060344633232,3.857981679557744,14.30444944852245,-10.446467768964705
ce8399b7,90.87421045529427,15.941108211001673,0.9952029064672868,3.363562739626084,-2.368359833158797
cf50c9d1,351.09366037886775,18.416934945449043,6.304898613656173,31.56819712560828,-25.263298511952108
d00e7eb9,1454.7366520784215,23.75327947752679,12.015675266691131,7.907003476643952,4.108671790047179
d011f41b,0.0,14.040326471920359,2.58264151728364,10.86185548345431,-8.27921396617067
d07aed8f,2037.1471128971916,18.746893168030965,45.3688538555162,5.402411556483793,39.96644229903241
d085e611,0.0,15.487075873303795,11.87009181952939,10.083729659420946,1.7863621601084443
d0a0e7b5,331.34465211011036,11.446620521752063,7.813321377856092,11.67690370726262,-3.863582329406527
d0a43760,1120.2178677459617,8.44105609681038,9.73764299345368,4.249353040412356,5.488289953041323
d0cb63ae,418.32989338565665,27.02170723898428,10.580734469895996,19.937391369771746,-9.35665689987575
d114d9c2,505.8989967817199,11.60345682553325,7.375751522064912,7.69852853923108,-0.32277701716616747
d1457cc5,726.8172436726569,15.587435996260114,9.441921603001896,8.115732473647405,1.326189129354491
d1ecf309,340.0144753304912,46.21210850690977,17.698682404738772,9.37828460834895,8.320397796389821
d1ee630d,336.434718578824,26.92331539671651,13.89978291166254,12.219780010195931,1.680002901466608
d217e0c5,480.68766376911765,33.27668381821577,20.91122595961341,5.20363871867946,15.70758724093395
d24ff243,683.7363951155019,28.133599050447202,12.300739737585332,3.584579952704873,8.716159784880459
d273674e,529.3890714777117,17.10139901988999,5.594016888240491,3.400366201632784,2.193650686607707
d2f3b1ab,361.04640649851046,13.913678629320932,4.1234121757753766,17.357707330254247,-13.23429515447887
d3df146b,381.200515870879,15.68159000976547,7.309742839311056,11.69933929625434,-4.389596456943284
d40f61d5,355.4908028900555,13.102976450433232,11.34337254948642,4.553018133859985,6.790354415626434
d41beaf2,339.3570308688749,14.759845231234875,2.6779265672157377,16.335502961206803,-13.657576393991064
d463e527,605.0826780697081,35.196362066759015,7.737630444836077,8.591154291112087,-0.8535238462760102
d4f60a28,44.956656904524515,13.58219720293353,11.43343242566663,6.183126130423007,5.2503062952436235
d50c649a,378.9261306637964,20.48489640831431,8.314190061264135,6.81996221614117,1.494227845122965
d543916f,322.54954056540805,16.700300666573526,17.801197670624948,10.200221672654065,7.600975997970883
d5df0ff5,1288.8202990951615,40.575453312866166,26.017593038517912,16.351335751344372,9.66625728717354
d60430e6,330.59693480110934,22.93760748442092,4.784621890883516,7.849172504180856,-3.0645506132973406
d63196fe,510.01061462697885,15.776195779755206,10.741139259242738,19.52511448958693,-8.783975230344192
d6c320d9,347.62077038050325,19.732361744099503,16.275210458405667,11.20598215508914,5.069228303316526
d6dd7330,167.56019604910986,9.886003047237923,5.700375973408844,11.822832979899944,-6.1224570064911
d7ba4f9d,178.2655662206927,30.66771250410395,10.883236173037943,5.098116159708834,5.785120013329109
d84b621b,686.6294008416421,40.163191243467836,26.97202475782852,21.82037371732548,5.15165104050304
d90aa14c,4603.282898389002,32.70057658489204,16.278354250884924,11.994352891576652,4.284001359308272
d924e971,667.3064165732006,22.28166647577127,16.55574343140373,32.7702837302337,-16.21454029882997
d9ae59b2,755.5438077744941,19.26119892763265,8.72843528878993,5.047080771564144,3.6813545172257855
d9d6d94d,170.50560652654337,18.25766097257272,15.915751534537796,9.3857291463184,6.530022388219395
d9eca87b,512.1027177696392,10.365368342196994,18.019729773656437,26.443315428754445,-8.423585655098009
da2d4d7c,365.6502931409606,13.816704300581199,3.725019477621085,3.577194115348713,0.1478253622723722
da3bfe4e,534.5959667215993,13.330546255774431,4.526444460020602,30.20824343453741,-25.681798974516806
da3cf798,358.91600145099824,39.85411558236483,8.184186919598831,16.905110806271015,-8.720923886672184
da940160,335.5691652478785,27.98312027504797,4.57289299035398,11.224828130654686,-6.651935140300706
dafc88c3,348.613649754159,11.276835485201545,11.4161529824768,6.877339398362787,4.538813584114013
dbee6c86,334.8801276920258,12.065528188634449,4.122920792725249,4.395928954072107,-0.27300816134685846
dc5fbe29,476.63539828667933,16.705579485235056,11.892956682428077,7.9201039214922035,3.972852760935873
dc7da28f,1734.8004619768708,26.083111271993552,8.393487660432074,10.223244436669471,-1.8297567762373976
dc7f9757,810.0274756978677,17.135280521421045,23.188245788951228,9.810154572145091,13.378091216806137
dd168de0,363.59534181743373,22.42853391251017,27.3506957761529,2.991357183054272,24.359338593098627
dd64382d,410.89702135296454,20.311603200365134,6.819652325423074,4.262126959206316,2.5575253662167583
dd6bc5b2,618.1880757504945,15.270961400952261,2.6790852248154,11.780956097388067,-9.101870872572668
dd7d638e,361.5144093944332,20.16568572747704,3.4743461834794367,6.017680647613085,-2.5433344641336486
ddc790ff,408.1817934448265,23.43038835438924,2.8051111540399747,5.724817380990974,-2.919706226950999
df71d1ff,613.8828920806029,41.16351494545132,18.23515626149573,12.742621639442314,5.492534622053418
df73b8f3,516.5123858346725,26.070518316184902,22.856107433392207,15.617554195793542,7.238553237598666
df8290be,337.5599105345075,14.80267637065602,14.27261245908243,13.009724784668556,1.2628876744138733
e0079ed1,1305.496471423798,9.23712812174313,12.624719922005667,8.069511840769099,4.555208081236568
e03b45fd,335.90169952589304,22.03974988102736,12.104235680906502,15.75182643192855,-3.6475907510220473
e0f36d98,267.1167642982871,14.269306612046053,12.328566833183777,14.253156162438394,-1.9245893292546175
e149204f,550.4895152303145,29.536937622253824,12.381825189076793,4.546152895643239,7.835672293433554
e14d641e,313.36008488621894,12.255869751240848,2.699451394304325,6.820600870242808,-4.121149475938483
e161bd0c,712.609222856145,18.397925144139997,11.93580630663232,4.33499689746737,7.600809409164951
e201fd6d,553.3188986471288,23.852911174202113,7.34356625034027,16.371250707380042,-9.027684457039772
e25f1537,2048.088928234686,38.514900343081536,11.774085862171782,13.005049007414012,-1.2309631452422298
e2fc7745,261.9428800332249,24.179498345383003,5.303661908123556,13.341394284804746,-8.037732376681191
e32da4ec,170.09834596483643,14.530589487676647,5.7420178201149605,10.850139553093255,-5.108121732978295
e3b34f5b,331.73216455433584,29.937631314952117,21.00616894202317,10.347045761247117,10.659123180776053
e45a2a62,695.3763108997615,15.857075418045914,8.140504148770047,19.872920518687707,-11.73241636991766
e46f4ef4,380.7911728233797,17.46400430841618,20.89189780601865,4.926550809338883,15.965346996679768
e4726608,166.19733524773793,13.59748748464206,2.7027328912084085,6.271487164710907,-3.568754273502498
e5864244,44.02415019080159,18.45021247125289,4.883228326388949,26.80603267099969,-21.922804344610743
e5c92e59,264.79273425229974,23.280143729932643,6.524200132587577,7.71135994039849,-1.1871598078109127
e5ff9fd2,919.5461804606969,16.582886969233364,17.223320374297877,8.891230852152741,8.332089522145136
e6c55748,346.9603917613597,12.592971785287165,4.181124667263923,9.397103554297912,-5.215978887033989
e730c32b,995.7329150428988,36.03553198211968,16.115549103920426,11.654671854511829,4.460877249408597
e737965a,345.37835050847434,16.92706260511552,3.238751964439519,9.897022674368223,-6.658270709928704
e748dd88,660.5301082444425,17.998582099159258,9.891032014021762,4.989931749983482,4.901100264038281
e7818f7a,230.99874328662258,26.1007638477784,12.47049850646684,6.312633342217896,6.1578651642489435
e7c36e81,19.319795547932152,12.405810130741369,1.5353723828952115,7.349841849963589,-5.814469467068378
e7d0c1de,186.2947151689297,19.63894234041131,3.121996822052528,6.860255388151551,-3.7382585660990233
e85074c5,356.38033531630214,13.301221043573236,10.06788193388654,11.347685731962262,-1.2798037980757222
e97032ad,19.319795547932152,11.23136065262681,8.962239034100962,11.959144677460708,-2.996905643359746
e9949a23,375.2273983865976,14.849965067298836,13.983687584700592,11.580872171010276,2.402815413690316
ea0b99b7,287.599153162603,18.325636585122776,12.131117607638974,12.15975654126152,-0.028638933622547214
ea3a0e38,843.9615251895127,10.980315839605858,24.496932938616624,9.232672132138228,15.264260806478395
ea41324e,381.8465185122117,21.073811715833106,7.155456454797321,5.294230079936561,1.8612263748607596
eabc711b,491.6002286408789,21.222049771037078,9.719775773855597,11.698478022871637,-1.97870224901604
eac10e86,397.6773961692709,18.595431019130956,3.303195028160752,5.617579051148656,-2.314384022987904
eafb863e,338.2262812079487,10.472251951586282,5.756924800160899,13.457858083605023,-7.700933283444124
eb06a4e7,201.93519909541905,17.754108138848647,4.704137199955467,9.669099026629617,-4.96496182667415
eb640a35,414.25947834656364,14.944741916055193,16.042667642303666,9.969896905690025,6.072770736613641
eb934281,167.9193287548468,9.76728259621502,3.5819545049285826,3.137420087678312,0.44453441725027076
eba6605e,344.3831425897277,22.97642320809522,7.54477626207815,15.631712662756936,-8.086936400678786
ebe69318,349.62804975763,21.957167564715157,14.795353841315436,4.825325809935079,9.970028031380355
ec0d597b,772.1127309530733,27.810463626293128,12.918082215659163,16.44325138720608,-3.5251691715469153
ec13af42,269.83436938227743,11.933006156769478,12.084356981311153,10.906432170405786,1.1779248109053668
ecdab904,206.33849495417414,18.066753900033387,6.933025153056587,16.918396989500764,-9.985371836444177
ecdaf714,1134.5669898435217,41.720164564248094,6.921759400586179,15.351875762973163,-8.430116362386984
ed6436d6,269.9969870729491,24.596694199135896,6.006402430827695,1.6175417954726792,4.388860635355016
ed6e6e54,184.24626997611455,9.848078948930995,8.036670571238792,11.951935194527213,-3.9152646232884205
edf885a3,708.0941880853248,18.822605259368437,11.058607657466382,12.28872334814004,-1.2301156906736583
ee0300f7,528.0046746004465,12.04323746963433,13.553319667789657,25.680311432467565,-12.126991764677909
ee288beb,261.4186133389121,23.7203236961471,19.43837204385482,27.522025330807587,-8.083653286952767
ee4aecac,199.69632345152525,28.119598147910835,10.752225999701617,10.778813139095936,-0.026587139394319337
eeda36f5,665.6586927998818,23.499994938496492,5.439904442388732,5.470124457464137,-0.030220015075404838
eeed308d,356.0249799597623,11.845137757919705,4.340166983358712,9.69013148078532,-5.349964497426608
ef04658e,311.3668930695747,16.034377082927136,5.523218144824013,15.448044048107809,-9.924825903283796
ef8e3ed0,371.8491352990484,11.001455116760667,6.482767376497671,14.635089490374892,-8.15232211387722
efde6ac3,0.0,13.832346339542514,8.39408034737347,10.202375669006344,-1.8082953216328743
efe96181,1112.0487585550982,40.15337114869797,101.252963838053,27.539517372291407,73.71344646576159
f0188a48,358.42152348873367,42.615781829476084,17.411096292319613,6.015986492439641,11.395109799879972
f021b650,1815.4388427321926,46.97655211312867,15.683425431863212,6.684494210561717,8.998931221301493
f03f10fe,309.0554784164667,12.4654122677446,4.272090049005846,9.378929872264584,-5.1068398232587375
f053a1b9,380.31401520224824,19.90963583442243,5.895190776202543,10.028295659116962,-4.133104882914419
f074d277,336.89430785892125,22.39259850112425,11.061528789631533,12.187719616802816,-1.1261908271712837
f07d7037,200.35725716819292,9.743171787686364,3.743437452928033,7.4960867974462735,-3.7526493445182405
f08774c3,858.7472001118398,18.622597149951304,14.247820497363035,11.44575716149874,2.802063335864295
f140c2fa,391.598396574825,15.217339205656168,1.9922182154127912,13.3161842942989,-11.323966078886109
f16e25e3,1461.7856513527988,26.16345993819405,27.12777551521689,2.9647800324346743,24.162995482782215
f2d4c8c9,513.305269591049,11.764953184671043,25.160695950368176,4.229551942410153,20.93114400795802
f321a31c,558.2234825765885,20.27366514563894,18.8262288861788,12.557281531880928,6.268947354297872
f40cd091,646.7335103843438,24.47484465095502,3.1350906572743726,7.728760684292187,-4.593670027017814
f439a621,357.138504588076,19.68297694617266,7.668631077124587,6.65613263851673,1.0124984386078575
f49fdea3,719.5030138148363,41.04607445209251,12.863242596168,12.40626946494166,0.45697313122633965
f4d12d23,321.4533103068813,9.534349981550994,2.318399197732064,16.062842467413066,-13.744443269681003
f56d3ace,555.1188756473193,22.763073853282304,15.292882923744,6.90314793936432,8.389734984379679
f5859199,1818.418634097672,44.56936156445317,32.86011196208295,15.921573253079504,16.938538709003442
f5d8aab6,176.4787933432387,15.944690289795624,11.050323219560882,15.698547978741033,-4.648224759180151
f631da6e,1020.7520968876823,20.637223792443177,5.539943358888882,8.782664213746434,-3.242720854857552
f6824bb0,333.93172026642844,13.238320087911658,5.22713047276264,20.83742354275872,-15.61029306999608
f6bc699b,796.3662599003309,19.925524389635314,13.29356017147476,10.622157035929634,2.671403135545127
f6d009f4,247.5838429702939,29.401914206125678,13.108501729452938,47.03924865295554,-33.9307469235026
f72b268f,349.7149961853702,18.439131442651487,15.962992943186409,12.93812397222547,3.024868970960938
f8662c22,336.1464053056045,21.02927281753644,14.934425814141692,15.629207250700455,-0.6947814365587632
f88ddb26,302.94376936980973,17.10155945922769,11.499797620410956,51.40308485650886,-39.90328723609791
f8afa78a,566.5758809726556,15.882870280883674,6.826540411249609,14.720946843240096,-7.894406431990487
f8f59188,484.19680787555006,30.58810539459737,6.754409179810779,6.924261008500594,-0.16985182868981497
f9fc81aa,336.6502643816574,12.627782819036401,6.095958025447702,8.639067487231838,-2.5431094617841357
fa16d114,545.625119014888,13.933292288054995,3.824446129051041,20.815118518803075,-16.990672389752035
fa31da94,555.8318032359132,22.431724788096815,27.41374043910381,5.188297076747949,22.22544336235586
fa667be2,144.1279003624573,9.57551984303093,8.648194038200003,8.802015991385062,-0.15382195318505865
fae0c593,207.19011004374113,15.757297999161276,6.706158098291398,10.97095627674098,-4.264798178449581
fb03ae90,396.7478404479008,19.69400844800266,42.6486445196285,42.88755217158539,-0.23890765195689312
fb0904bd,1431.1185286810028,28.129707488893132,7.663176050462298,1.7987576836953807,5.864418366766918
fb3848a1,345.8103621247128,17.330507674403023,10.333524842016027,9.958923975567506,0.374600866448521
fb73b13a,246.89156861995815,26.9310833336369,6.973260278387967,9.977934385041513,-3.004674106653546
fba7683c,1.0112368661841142,22.999571972919554,3.0615274380944326,2.555309739035002,0.5062176990594307
fbd68d27,361.2586995494472,14.100456206604576,6.467532727121768,22.09543667740266,-15.627903950280892
fc03f21f,353.19454088085894,35.464510624656654,7.496746733918256,12.90913373270699,-5.412386998788735
fc0d20b2,360.7800230057684,40.2442352820562,2.482849244047248,11.932087953866953,-9.449238709819705
fcfcc902,1696.0135170384715,38.650800329085854,36.50193361132519,8.80765155445474,27.694282056870453
fd3b4faa,488.0685607576426,22.3102912071986,7.452567023941035,7.446926041471426,0.0056409824696093125
fd710aea,295.0037011874167,15.397101731890496,14.91715588512696,7.203999750290396,7.713156134836564
fd8f77fa,374.1143080403924,23.938171979797783,6.847047571332023,27.415343744152285,-20.56829617282026
fde20ecf,272.5063467929607,20.212665274525175,5.940784663994721,16.31905728866344,-10.37827262466872
fdfd57da,389.7241333303218,21.3078315634769,12.973636941033655,4.29522046585047,8.678416475183186
febb4411,194.44927217323786,15.457655957701341,11.0942819690665,13.02766798055296,-1.9333860114864603
fef8af96,858.7985738417102,26.69828850290555,5.798786503031574,44.55173272632465,-38.75294622329308
ff0aea78,295.20911046210927,22.815653035525997,5.550201968185558,30.69778683037817,-25.147584862192613
ff8bb73a,244.24415755555873,21.42033551178633,9.810237725301208,9.861864748200674,-0.0516270228994653
ffefef30,172.9611667397026,15.105908612195329,1.962716574458952,7.035568765607176,-5.0728521911482245
