model,global_rmse,med_well_rmse,p90_well_rmse,worst_well_rmse
F6_plus_panel_w0.05,11.385804004458219,6.992302763044164,15.636677282569245,68.89817902418382
F6_plus_panel_w0.1,11.420516827087088,6.946740427490868,15.573978977231686,69.01485322118118
F6_plus_panel_w0.2,11.559335762667102,7.075669118876899,15.656468940431267,69.24901309035869
F6_plus_panel_w0.3,11.78772845515698,7.232413748898384,15.745495013303241,69.4842458056909
current_F6_rerun,11.374551688028312,7.08469396500209,15.643137699685786,68.78177715531137
panel_direct_geom_a1000,15.779416963359727,10.474787981877062,22.347388038962368,70.13532971744861
panel_direct_phase_a100,15.370748818506737,10.017963070123471,22.178940431638942,71.16001468058968
panel_direct_phase_a1000,15.746719069309938,10.531724766726512,22.38117404057466,69.81989794265624
panel_direct_phase_a10000,15.872193882499271,10.577370386599338,22.598103320852324,70.34287576732618
panel_direct_raw_gr_a1000,15.784029688215899,10.427204092073673,22.266478562774406,70.04903601752652
panel_geom_a100,29.277697528860017,15.880555138628592,44.38577357088408,133.05170298860497
panel_phase_a10,29.66755486747521,16.13683500720886,45.10829443290534,135.45710888462438
panel_phase_a100,29.360460133942624,15.80993324549594,44.64306860543871,134.90034370495053
panel_phase_a1000,27.375331211334544,14.90586908491034,41.01001406131925,125.54845142880706
panel_raw_gr_a100,29.279811335359515,15.886776105338257,44.37266838202606,133.00661003418375
