well,sfx_len,tvt_range,net_dtvt,net_dz,gr_miss,x,y
000d7d20,3836,15.200000000000728,-10.06000000000131,100.02000000000044,0.47340980187695514,2983499.6573957247,1072126.2585036496
00bbac68,6014,50.18999999999869,-6.740000000001601,176.48999999999978,0.13834386431659462,3007963.415818091,1087451.5616794147
00e12e8b,4301,29.590000000000146,-8.450000000000728,144.8099999999995,0.09718670076726342,2968983.300325506,1063365.3593024877
015fe0d2,4296,38.61000000000058,23.979999999999563,-176.82999999999993,0.3202979515828678,3000729.1711964617,1074904.4613361266
01869cd4,5557,39.0,3.4499999999989086,-213.71000000000095,0.5112470757603024,2974003.378862696,1065411.9071945294
01982c1d,3941,18.01000000000022,-11.219999999999345,159.98999999999978,0.15808170515097691,2995331.0739558483,1124962.3775285461
028d7b28,6234,26.23999999999978,0.8600000000005821,-236.88999999999942,0.23307667629130574,3008032.446156561,1069198.5427077317
02e7fe5a,5108,24.18000000000029,18.93000000000029,79.11000000000058,0.6366483946750195,2985931.2367521534,1062395.8593872357
0390d174,4411,31.399999999999636,-2.0899999999983265,-177.89000000000124,0.4978462933575153,3001134.183418726,1124803.384783496
03a935ae,2786,53.56999999999971,-49.599999999998545,91.79999999999927,0.04055994256999282,3033886.8645585068,1089062.4799928213
044af7d1,4519,23.219999999999345,6.869999999998981,-136.39000000000124,0.6589953529541934,3009861.9927483955,1107528.7512303605
0498acab,4798,22.399999999999636,-6.599999999998545,-137.0699999999997,0.47457273864110044,2991815.9639912467,1092471.0774447687
052d64df,2445,24.850000000000364,9.609999999998763,76.88000000000102,0.2752556237218814,2979259.3885112475,1099761.5357586911
05948241,3879,15.010000000000218,3.860000000000582,154.0500000000011,0.5986078886310905,2957124.9213869553,1089495.7701985047
059c8f24,6258,31.31999999999971,26.05999999999767,-222.6299999999992,0.43528283796740175,2915970.6452109306,1063565.7374848195
05a0ee4d,4348,41.20999999999913,-31.700000000000728,191.39999999999964,0.35970561177552896,2993318.4650022998,1103666.724544618
060ab2b8,6258,27.079999999999927,15.170000000000073,148.27000000000044,0.5749440715883669,2898345.6516842437,1029093.0629833812
06df5958,3509,10.849999999998545,3.5200000000022555,-131.11999999999898,0.18922770019948704,2905592.648680536,1024887.00076945
071d7b45,3211,23.80999999999949,13.159999999999854,136.09000000000015,0.15384615384615385,2945043.6257988163,1079741.6366708193
0849b4e2,5537,43.0,-33.030000000000655,-132.8099999999995,0.2499548491963157,3021595.589441936,1115174.484834748
084d66f9,3885,44.63000000000102,-23.600000000002183,-121.53000000000065,0.6463320463320463,2931668.204221364,1054358.5014259974
08fecf00,5574,15.979999999997744,-7.440000000000509,-146.53999999999905,0.28238249013275923,3021970.671354503,1115259.8339163975
09053135,5907,25.679999999998472,11.06000000000131,-176.71999999999935,0.4218723548332487,2991275.416703911,1085356.4523565262
09441b8d,5488,34.72999999999956,-6.8700000000008,196.3700000000008,0.11716472303206997,2905666.732928207,1041527.6896355685
0955cd6c,5195,20.079999999999927,-10.839999999998327,-118.31999999999971,0.6454282964388836,3026940.325705486,1117706.2137382098
09ec2ca9,5885,19.56000000000131,-10.480000000001382,174.70999999999913,0.5604078164825829,3004713.9585811384,1127260.8109141886
0a57a29c,5821,22.329999999999927,14.69000000000051,171.64000000000124,0.5299776670675141,2901262.264098952,1033815.5445765334
0bbf5e67,4298,31.1299999999992,-20.899999999999636,-104.14999999999964,0.5274546300604932,2899870.1583922757,1033831.004288041
0be01c24,4738,20.969999999999345,6.579999999999927,-175.53999999999905,0.03503588011819333,3006755.397085268,1113243.4106690586
0c1b160c,5054,27.18000000000029,-5.600000000002183,-149.23000000000138,0.5209734863474476,2973142.503462604,1092071.9291887616
0d99f8e4,5823,22.770000000000437,-10.680000000000291,-159.61000000000058,0.5399278722308088,2896489.4618358235,1033515.6553786709
0dc5e64d,4879,65.95999999999913,53.409999999999854,-252.3700000000008,0.011477761836441894,3013429.6073970073,1121653.843549908
0dc835f3,4428,26.23999999999978,-19.48999999999978,211.01000000000022,0.03342366757000903,2993905.7150067748,1124847.4407091239
0dd99dc5,7342,29.340000000000146,-0.2600000000002183,242.53000000000065,0.476436938163988,3006416.1209071097,1078425.1325619724
0e5e560d,3253,24.93000000000029,-6.729999999999563,125.26000000000022,0.2846603135567169,3010112.2691300344,1131099.700003074
109d9d70,4215,34.409999999999854,22.709999999999127,164.20999999999913,0.4132858837485172,3019788.7903297744,1107390.2592265718
10a1281a,5609,9.940000000002328,4.819999999999709,179.47999999999956,0.04278837582456766,2901680.207511143,1029993.9044357282
10b89021,5414,18.860000000000582,-4.329999999999927,130.72999999999956,0.5733284078315478,2983724.255910602,1059551.7932637606
10be2420,3271,21.859999999998763,-19.669999999998254,172.5599999999995,0.5166615713848975,2952906.009850199,1086310.0725374504
113011eb,3272,20.55999999999949,-0.1000000000003638,-134.77000000000044,0.5030562347188264,3003851.504917481,1070692.070650978
1131525f,4159,23.01000000000022,23.039999999999054,-119.30999999999949,0.35393123346958405,2903648.9572493387,1023954.9786126472
11d0f5ac,4883,28.76000000000022,22.610000000000582,138.8099999999995,0.4040548842924432,2889146.8950604135,1031173.9662441122
12203f2a,3261,20.920000000000073,-2.5899999999983265,123.73999999999978,0.291015026065624,3014193.8249862003,1116777.840236124
122bd617,4570,40.18000000000029,9.489999999999782,163.48999999999978,0.30459518599562363,2957037.7956236326,1088994.3574901533
125be846,6510,27.039999999999054,-22.299999999999272,236.4399999999987,0.27588325652841783,2980932.1214086018,1106966.148686636
1285a37b,5597,10.730000000001382,-4.18999999999869,191.02000000000044,0.0418081114882973,3014315.619765946,1084012.6643844915
1295a25b,5551,32.22999999999956,-6.720000000001164,-193.9300000000003,0.44550531435777335,2974025.5292073498,1064194.1889515405
12f0cd90,5947,35.17000000000007,-11.219999999999345,-302.77000000000044,0.2914074323188162,2999722.238306709,1111897.8578224313
137d1e44,4554,52.97999999999956,28.280000000000655,132.95000000000073,0.4857268335529205,3016728.443014932,1084688.5508981117
13ce113d,2966,14.380000000001019,9.640000000001237,95.43000000000029,0.19116655428186108,2896092.5880579907,1042805.9932670263
13f598d9,7306,25.8700000000008,18.079999999999927,214.71999999999935,0.556118258965234,3006141.9997043526,1078237.406593211
14a53cb3,6919,20.36999999999898,11.780000000000655,169.84000000000015,0.13079924844630728,2911021.764570025,1040730.0060341089
14ab73fb,3649,30.329999999999927,-30.340000000000146,-9.829999999999927,0.4097012880241162,2904709.191729241,1019515.2650013702
14ad5efb,5842,25.219999999999345,3.399999999999636,-295.14999999999964,0.20386853817185896,2998437.391300925,1111357.6658832591
14fee784,4910,52.19000000000051,7.489999999999782,184.98000000000138,0.6004073319755601,2990920.8984154784,1125039.647647658
153552f5,4695,17.0,-7.229999999999563,172.38999999999942,0.2078807241746539,3001619.9197060703,1093020.538462194
1550491d,4563,30.44999999999891,-16.200000000000728,187.36000000000058,0.037256191102344946,3005816.520736357,1114162.4630988385
155887bb,5585,35.159999999999854,26.609999999998763,117.97000000000116,0.2712623097582811,3007479.0932282903,1086476.3251208593
1590af81,3799,19.2400000000016,4.679999999998472,141.09000000000015,0.2082126875493551,2989943.4335404057,1092929.6662253223
15e154a1,6068,36.95999999999913,17.63000000000102,-162.11999999999898,0.48599208965062624,2960690.8668193803,1077817.9359690177
1619e2ca,4443,29.05000000000109,4.920000000000073,-132.6299999999992,0.3968039612874184,2995728.8507584967,1093717.6198356966
16e4a047,4131,14.6200000000008,-8.5,109.93000000000029,0.5727426773178407,3011654.3219849914,1102929.2055192448
173ed841,4883,45.279999999998836,9.610000000000582,173.6900000000005,0.38951464263772273,3021620.6038705716,1085314.282912144
1770d7c6,7240,29.43000000000029,-9.239999999997963,256.21000000000095,0.04599447513812155,3008955.1251325966,1079569.1399834254
177622d7,3154,19.520000000000437,-7.180000000000291,97.98999999999978,0.5630944831959417,3006996.0094768545,1089500.5983005706
18d24f7b,4558,19.590000000000146,-14.040000000000873,174.64999999999964,0.13097849934181657,2904723.0687121544,1039933.7547016236
19137a89,6267,40.98999999999796,39.73999999999978,-245.36000000000058,0.057124621030796234,3003925.050767513,1131971.4316993777
1944513c,4722,17.770000000000437,9.330000000001746,156.35000000000036,0.03748411689961881,3005605.3440088946,1114092.0096717493
197f8a5a,6310,52.159999999999854,3.709999999999127,168.84000000000015,0.5215530903328051,2879803.040866878,1023444.8526022187
19871e7f,5293,17.349999999998545,-5.969999999999345,176.72000000000116,0.14358586812771584,2999455.703918383,1074880.0728773852
198a5607,6251,23.899999999999636,5.329999999999927,226.53000000000065,0.26907694768836987,2969251.680254359,1098683.9400335946
19fb4f7b,5620,33.780000000002474,-10.68999999999869,217.84999999999854,0.04306049822064057,3014490.35308363,1084252.2431654804
1a518997,4606,14.720000000001164,14.7400000000016,-156.34000000000015,0.4066435084672167,2910240.2462201477,1036639.5599609206
1a68190b,4474,32.0,7.619999999998981,-148.76000000000022,0.275592311130979,2948969.739803308,1011470.3409700491
1a730ac2,4605,29.160000000001673,13.909999999999854,-158.82999999999993,0.2985884907709012,2990621.3287687297,1091899.5098132466
1aaf1da0,4804,18.26000000000022,14.799999999999272,202.28999999999905,0.2670691090757702,3005501.955680683,1108381.5675187344
1b08ed48,5618,21.31000000000131,-12.8799999999992,164.26000000000022,0.5802776788892845,2987057.0321484515,1069192.6000320397
1b1c5372,4261,46.100000000000364,-25.590000000000146,-160.71999999999935,0.30274583431119456,3000104.892896034,1124591.784994133
1b1eba53,4655,98.88000000000102,70.95000000000073,-94.11000000000058,0.16305048335123523,3036165.11473899,1095894.6402363048
1b6ba517,6597,18.51000000000022,5.130000000001019,218.4400000000005,0.42382901318781263,2923362.5703168106,1020955.7673290889
1b82b665,3806,18.410000000001673,-7.890000000001237,-149.6999999999989,0.0651602732527588,3000713.5234182873,1124657.5539332633
1bcb2fcf,4524,22.44999999999891,13.139999999999418,145.57000000000153,0.06631299734748011,3013619.5695490716,1097415.627382847
1beca81d,5036,25.30999999999949,-3.0199999999986176,-141.54000000000087,0.47934868943606035,2978077.9027879266,1088024.4063820494
1d3fbf02,2694,15.229999999999563,5.280000000000655,-68.19000000000051,0.3593170007423905,2965379.287041574,1062694.8965330364
1d78281a,4949,26.80999999999949,6.509999999998399,-166.10999999999876,0.21479086684178622,2949239.046146696,1011658.5212366135
1e30dedf,4071,25.049999999999272,0.15999999999985448,263.7099999999991,0.4750675509702776,2995056.3334536967,1129945.4989191846
1e5e3573,5480,29.76000000000022,12.640000000001237,-131.26000000000022,0.5923357664233576,3026618.372895986,1117834.2853503649
1f9afacb,5328,7.539999999999054,0.9900000000016007,152.14999999999964,0.44069069069069067,3007079.967637012,1101896.610061937
1fdbba44,4911,17.770000000000437,11.269999999998618,230.8100000000013,0.19894115251476277,2948285.3712278553,1018497.6568906535
1fee2b62,4641,25.770000000000437,3.650000000001455,137.48999999999978,0.5850032320620556,2996638.6534065935,1073610.3496509371
20096916,5133,21.969999999999345,3.649999999999636,149.02000000000044,0.5176310150009741,3000411.944060004,1099319.1760568868
200d233d,3926,19.420000000000073,10.0,-106.55000000000109,0.0781966377992868,3010334.6328629646,1102102.0386169131
201661b5,5955,45.969999999999345,3.2000000000007276,206.47000000000116,0.06616288832913518,3026642.8289168766,1111824.1022989084
203721ab,5730,28.969999999999345,1.5500000000010914,-100.56999999999971,0.2048865619546248,2901852.6194380457,1022272.7362181502
20402d71,6372,25.3700000000008,-15.479999999999563,121.61000000000058,0.013339610797237916,2882592.475601067,1024294.0834070935
2043abc5,6958,32.61999999999898,28.669999999998254,248.85000000000036,0.6724633515377982,2982110.475781834,1107773.9755849382
204cc64b,4805,26.210000000000946,-14.859999999998763,168.61000000000058,0.3573361082206035,3021452.648043704,1085263.9309531737
206b6193,6535,70.06999999999971,-70.06999999999971,267.9899999999998,0.04100994644223412,2978511.38407345,1096481.1861331295
2075c696,3188,32.11999999999898,24.479999999999563,-138.39999999999964,0.0809284818067754,2901661.7548525725,1037715.7717252197
22c5f93f,5172,26.150000000001455,-10.0,147.20000000000073,0.5676720804331014,3000070.326757541,1099170.0846597063
230eaaa3,4690,83.3700000000008,53.9900000000016,-180.90999999999985,0.18891257995735608,2983110.781415778,1097998.018554371
2364716c,4316,33.47999999999956,19.020000000000437,-190.65999999999985,0.293790546802595,2954795.555630213,1073077.3392307693
23b9beb0,7340,18.19000000000233,5.520000000000437,-234.39999999999964,0.2271117166212534,2985877.493404632,1081511.370201635
24d8997e,3442,18.909999999999854,5.130000000001019,101.93000000000029,0.14875072632190586,2916839.2489889595,1048426.4966995934
25050f63,6124,48.36000000000058,39.100000000000364,133.3199999999997,0.04996734160679295,2886563.3962736772,1027964.8716949706
25939962,4319,34.73000000000138,1.9200000000000728,136.4400000000005,0.6225978235702709,3012151.675346145,1096915.8122157906
25fd32b3,2885,6.059999999999491,2.819999999999709,-47.719999999999345,0.2558058925476603,2918797.708644714,1042756.7283882147
261785ee,3646,37.47999999999956,-28.200000000000728,171.6999999999989,0.37602852441031265,2987906.0320159076,1091875.5186066923
264feceb,5665,18.8799999999992,-9.300000000001091,210.82999999999993,0.04289496910856134,2901172.803029126,1029533.7881818181
26623a50,5735,34.600000000000364,-16.340000000000146,271.0,0.28055797733217086,3000952.4606521362,1113649.3760645161
26d3a96a,4721,38.38000000000102,-22.94000000000233,186.78999999999905,0.31709383605168395,3021039.0806460497,1085151.953005719
272abef3,4135,20.649999999999636,-1.6999999999989086,-153.26000000000022,0.046674727932285366,2994104.3241015724,1092943.125259976
27300fd5,5467,27.6200000000008,6.299999999999272,196.6800000000003,0.036948966526431315,3014145.2568337293,1084183.8468227547
276b012a,4837,48.13000000000102,11.1299999999992,-164.15999999999985,0.16001653917717593,3010921.430878644,1071082.510657432
27c3155b,4958,24.76000000000022,-18.19999999999891,-99.75,0.03448971359419121,3036159.701417911,1092623.4584328358
27ebb9b9,5766,24.38000000000102,1.5799999999999272,169.1800000000003,0.21574748525841136,2921279.6338917795,1019398.8597554631
283269ac,2626,3.6200000000008004,-0.23000000000138243,89.42000000000007,0.6770753998476771,2978997.614649657,1099362.2451827875
28473855,4290,21.340000000000146,14.220000000001164,124.7599999999984,0.03076923076923077,2961971.5143403267,1080175.7688135197
28f4eda9,5266,22.8700000000008,17.070000000001528,96.09000000000015,0.23129510064565134,2885447.3039954426,1027562.5360710216
29b24409,5587,20.590000000000146,16.429999999998472,188.28000000000065,0.5954895292643637,2904892.096626096,1037644.4145677467
29de15c8,3431,9.640000000001237,1.4000000000014552,89.64000000000124,0.03993004954823667,3012281.9546808507,1118386.7468464007
2ab29395,1852,7.020000000000437,1.5799999999999272,-48.649999999999636,0.35853131749460043,2999951.3725053994,1087466.8382451404
2ac7cb6b,4990,65.81999999999971,-46.63999999999942,262.7000000000007,0.039679358717434866,2992807.4174789577,1125150.8501402808
2acc78d4,4266,33.02000000000044,5.510000000000218,-129.1800000000003,0.6819034224097515,3008525.7712212848,1107431.2027730895
2b034622,5203,12.409999999999854,-6.309999999999491,189.8199999999997,0.3105900442052662,2857760.0926465504,1043777.3352719585
2b06ad65,4256,7.219999999999345,-0.6100000000005821,127.23999999999978,0.03923872180451128,3011737.4166729324,1118759.1588651314
2b547943,3480,18.98999999999978,14.219999999999345,-101.71000000000095,0.3563218390804598,3000860.614356322,1087259.9915287357
2be5c96a,4210,14.81000000000131,1.1199999999989814,-152.3799999999992,0.7743467933491687,2999122.121049881,1092004.533966746
2bff06cf,7624,44.47999999999956,13.950000000000728,355.4499999999989,0.5001311647429171,2922257.0249632737,1059373.1324973768
2c0c4a4e,4790,20.0,12.659999999999854,-169.34000000000015,0.04676409185803758,2959557.1091691027,1076521.481407098
2cee0cba,5500,35.43000000000029,11.409999999999854,-170.98999999999978,0.46963636363636363,2896838.341869091,1033624.7859672727
2d0c268a,4550,27.19999999999891,-15.650000000001455,170.17000000000007,0.28285714285714286,3002770.776758242,1120068.594210989
2d179ded,7008,24.850000000002183,-1.8400000000001455,162.13999999999942,0.4634703196347032,2867747.624236587,1028933.795696347
2d196986,6474,31.549999999999272,-18.48999999999978,177.14000000000124,0.01282051282051282,2911407.8651004024,1040815.3622134691
2d2d0c6b,5045,13.590000000000146,5.920000000000073,-91.64999999999964,0.6251734390485629,2921755.5064380574,1043737.93106442
2d35f86d,4896,30.779999999998836,10.69000000000051,212.70000000000073,0.2534722222222222,3000091.6816360294,1105968.1163745916
2d9f6cb9,7338,19.520000000000437,11.949999999998909,201.0599999999995,0.036249659307713275,3008226.491516762,1079170.295625511
2ddad940,5331,24.710000000000946,-7.350000000000364,-190.26000000000022,0.1637591446257738,2973722.8530163197,1063157.2359538549
2e29e833,5428,17.649999999999636,2.1299999999991996,207.03000000000065,0.04476787030213707,3023288.2305379515,1112184.8706521739
2e43c2ea,5698,21.889999999999418,6.809999999999491,187.11000000000058,0.3508248508248508,2914414.38494033,1046561.8099385749
2e63d9de,4699,41.669999999998254,-16.460000000000946,-87.80999999999949,0.15556501383273036,3024261.556463077,1094592.9713045328
2ee0235b,5556,19.05999999999949,4.0900000000001455,201.6900000000005,0.11753059755219583,2901009.3150179987,1029203.4947840173
2f19d536,3088,12.290000000000873,-7.890000000001237,104.98000000000138,0.37338082901554404,3002055.9196146373,1078007.9090220209
2f8e53c3,2594,11.200000000000728,-7.889999999999418,-62.54000000000087,0.42058596761757905,3011827.833018504,1108033.4792791056
2fa01aa6,2174,34.2400000000016,-32.38000000000102,-73.29000000000087,0.3969641214351426,3023467.244912604,1086347.4276448942
2fd68f7b,4730,75.98999999999978,63.76000000000022,-250.07999999999993,0.6139534883720931,2998564.829528541,1124554.559744186
2fe023be,4221,34.919999999998254,-17.409999999999854,195.6200000000008,0.4482350153991945,2988773.3126865667,1092347.695787728
30d75030,3404,53.39000000000124,-45.95000000000073,165.38999999999942,0.19829612220916568,2991825.0558343125,1116903.2765276146
310c71a5,5245,34.38999999999942,-14.219999999999345,206.4399999999987,0.16244041944709248,2904729.1101429933,1035098.6289132506
32fe84c9,6408,38.55000000000109,-31.350000000000364,-123.78999999999905,0.1518414481897628,2984641.9788030586,1068399.295235643
33c40295,4169,22.839999999998327,9.960000000000946,155.63999999999942,0.053250179899256414,2986901.0927536576,1089037.8353993765
3407f5bf,3638,68.90999999999985,-68.93999999999869,-86.05999999999949,0.4601429356789445,2930482.1744942274,1053234.564769104
3417285d,5449,45.7400000000016,32.44000000000051,112.18000000000029,0.09818315287208662,2983436.264457699,1059506.0105468892
347242c8,3595,10.340000000000146,2.4899999999997817,-158.15000000000146,0.05702364394993046,3015289.0115577187,1116672.5393713492
353e5502,6062,19.590000000000146,-0.9399999999986903,230.79000000000087,0.19844935664797098,2919796.360851205,1050225.0513229957
357c12f9,4079,16.400000000001455,3.4200000000000728,152.0,0.10983084089237559,2938983.506820299,1066778.458477568
3584a6eb,4494,13.610000000000582,-9.31000000000131,120.45999999999913,0.20004450378282154,3009851.273150868,1095862.163718291
35b30c7f,9579,34.51000000000022,-16.579999999999927,-340.6299999999992,0.44388767094686293,2953821.2158189793,1075250.6445892055
35b3ef6a,3904,37.11999999999898,-37.14000000000124,208.25,0.38473360655737704,2936313.5096490774,1071973.1330251026
367456ce,5569,23.329999999999927,23.340000000000146,-246.5699999999997,0.3462021906985096,2996329.5989118335,1117945.817322679
368131f9,4991,43.05999999999949,24.469999999999345,188.22999999999956,0.6359447004608295,2997970.475031056,1105048.0575535966
368fe682,4936,28.6399999999976,10.789999999999054,150.85999999999876,0.03606158833063209,2900155.053111831,1029118.7165214749
3690a146,4073,23.18000000000029,10.1299999999992,-110.0,0.17677387674932482,2911880.741269334,1037938.5424527375
37344c2a,5197,40.07999999999993,10.680000000000291,-74.5,0.14354435251106407,2920556.0039984602,1042322.2667577448
373ef48b,3509,14.30999999999949,3.959999999999127,-123.43000000000029,0.4579652322599031,2906240.443206041,1025237.7256882302
374be387,9965,23.910000000001673,-9.020000000000437,253.90999999999985,0.6087305569493227,2872231.691007526,1030563.5642900153
37d36812,4367,33.92000000000007,32.63000000000102,96.2400000000016,0.2518891687657431,3008199.406226242,1095394.078953515
38991fd4,4798,28.31999999999971,-12.079999999999927,199.98999999999978,0.27032096706961234,2933301.73125469,1057916.9039308045
389ae58f,6463,68.5,51.75,-188.4499999999989,0.1954200835525298,2973652.687032338,1068153.379172211
3932faa6,5452,52.1299999999992,-3.0900000000001455,132.52000000000044,0.30502567865003666,2920316.399756053,1019023.4888334556
398dce4b,3166,24.31000000000131,13.819999999999709,119.3799999999992,0.4990524320909665,2952367.5459349337,1085772.6837744787
39b51819,4231,10.319999999999709,1.180000000000291,162.59000000000015,0.5582604585204444,2919999.298258095,1051705.9926707633
3a0af893,2927,27.18000000000029,21.280000000000655,112.80999999999949,0.5175948069695935,3020491.3995797746,1107698.9742364197
3a223519,4583,18.5,-14.859999999998763,-155.8799999999992,0.0914248308967925,2945822.1556971413,1011504.8217630371
3a7dd95d,3072,27.649999999999636,-6.25,-44.840000000000146,0.4736328125,2915744.2636588537,1031617.2596679687
3a824aa7,4201,17.610000000000582,3.399999999999636,118.36000000000058,0.47179243037372054,3011280.77932397,1096628.0357533917
3a86fe8d,5118,18.539999999999054,-3.139999999997599,-148.97999999999956,0.47811645173896056,2989923.1692907386,1097974.7081184057
3aaa2b30,4711,33.38000000000102,25.05999999999949,-195.82999999999993,0.3122479303757164,2992287.2959838677,1116467.5458671195
3ac16ad0,5649,29.81999999999971,2.639999999999418,-146.6200000000008,0.2526110816073641,2891369.0885572666,1021559.6440626659
3b21ea64,7376,28.409999999999854,11.100000000000364,201.04000000000087,0.06033080260303687,3008635.7068573753,1079313.840010846
3bbe1f5d,6918,21.6200000000008,16.149999999999636,-247.51000000000022,0.45952587453021104,2906623.0407834635,1027982.6218314542
3bfee975,3603,25.399999999999636,-6.630000000001019,-92.64000000000124,0.6072717180127671,3001446.6228393004,1087574.57513461
3c3dbcbc,5069,29.0,5.559999999999491,125.57999999999993,0.5642138488853817,3000750.965525745,1099477.3036200432
3d96d897,5659,11.840000000000146,3.6700000000000728,-201.95000000000073,0.07227425340166108,2908505.7072238913,1029029.6813836367
3df4b19e,4988,17.600000000000364,-9.290000000000873,149.64999999999964,0.2947072975140337,3006105.0716279065,1120116.7690276664
3e011332,2723,40.970000000001164,-5.530000000002474,134.26000000000022,0.017994858611825194,2985409.777017995,1087946.574212266
3e678ea7,6858,27.469999999999345,4.570000000001528,-136.6299999999992,0.39282589676290464,3018058.371131525,1090640.022847769
3ef6372a,4727,21.109999999998763,-2.1899999999986903,-122.64999999999964,0.03469430928707425,2983524.970048657,1098272.6176010154
3ef98781,3892,19.590000000001965,-2.650000000001455,104.79000000000087,0.03802672147995889,3012100.328787256,1118487.6845220965
3f603129,5051,44.030000000000655,15.019999999998618,-196.5500000000011,0.30291031478915065,3005608.1884993073,1132498.722886557
404c4384,911,8.880000000001019,8.899999999999636,27.459999999999127,0.33150384193194293,2955379.5181448953,1086701.812327113
4121c517,3723,28.290000000000873,12.670000000000073,145.67000000000007,0.38651625033575077,3007605.666038141,1131846.3820467365
41fb0192,2973,8.350000000000364,5.3700000000008,-119.94000000000051,0.062226707029936094,3007678.39514968,1075221.2734409687
42669188,4282,37.75,-35.8799999999992,183.23999999999978,0.0751985053713218,2969420.3207776737,1063366.0641078935
42c538a1,3279,42.38999999999942,19.960000000000946,36.02000000000044,0.24306190911863373,2908543.7753095455,1021692.334830741
43b06c70,4846,17.220000000001164,2.679999999998472,245.60000000000036,0.1648782501031779,3005125.24113083,1108284.1689682212
43c7f85a,5978,24.270000000000437,-8.450000000000728,-210.13999999999942,0.5043492806958849,2888566.5135362996,1018781.2351321514
43e16325,3720,84.47999999999956,84.1299999999992,-114.28999999999905,0.16048387096774194,2929757.498083333,1049512.714860215
44441e54,4357,13.350000000000364,-5.149999999999636,-112.73999999999978,0.40945604773927013,3011769.9179389486,1107348.9261808586
445af6c2,6041,39.06000000000131,-35.70999999999913,-176.59000000000015,0.1607349776527065,2910193.7180483365,1034525.8156695913
4463446c,3256,32.3700000000008,21.31999999999971,-148.25,0.1977886977886978,2946911.611597052,1072063.471044226
44a94013,4903,60.07999999999993,-60.100000000000364,220.64000000000124,0.2502549459514583,2888272.2348419335,1030387.0349745053
45fb3e21,3649,40.0099999999984,-35.719999999999345,142.59999999999854,0.5661825157577418,2990376.779380652,1093183.2807399288
460f859e,3336,61.020000000002256,-27.9900000000016,-35.92000000000007,0.6205035971223022,2914922.1654766183,1039830.5569124699
4630ab92,3373,24.340000000000146,-6.470000000001164,101.81999999999971,0.27334716869255854,3013391.292608954,1103193.12052772
463c38f2,4460,19.889999999999418,2.0100000000002183,189.88000000000102,0.22780269058295965,2934622.6260246634,1059202.1732062781
4654e7de,5373,22.31000000000131,7.139999999999418,-173.32000000000153,0.05025125628140704,2909618.61527266,1029961.2911353061
466fc788,6197,37.9900000000016,22.42000000000189,147.9300000000003,0.4797482652896563,3009387.120611586,1102260.4988413749
46a301e9,8226,18.44000000000051,-12.519999999998618,-250.28999999999905,0.4564794553853635,2974535.055015804,1095163.610596888
46a7190b,4215,27.76000000000022,15.450000000000728,-62.36000000000058,0.4099644128113879,3025460.809480427,1096947.5592811385
46d24a09,4449,40.73999999999978,20.170000000000073,207.3799999999992,0.21038435603506406,2948543.9243110814,1018694.0383389525
46d41ff6,7901,24.86999999999898,10.459999999999127,-266.1800000000003,0.3350208834324769,2992146.6245880267,1066818.0478344513
46dfcfca,3606,43.29999999999927,43.340000000000146,-83.13999999999942,0.5268996117581808,3025081.911453134,1097208.142953411
47222616,4406,30.81999999999971,14.360000000000582,105.18000000000029,0.18883340898774398,3009506.7577303676,1095766.4022106219
47ee27ab,6397,28.429999999998472,-16.44999999999891,222.42000000000007,0.16726590589338752,2980511.7669735816,1106666.5276598406
481de5fc,5952,24.31000000000131,-21.780000000000655,203.34999999999854,0.37163978494623656,2922421.0863088034,1019492.0265339382
48c1f673,2917,28.639999999999418,9.729999999999563,170.1999999999989,0.03599588618443606,2996880.427199178,1130088.9848028796
4936af16,3991,17.890000000001237,2.430000000000291,-134.65999999999985,0.5590077674768229,2991005.6064144326,1116975.2327436733
493b5b31,4671,49.1399999999976,26.579999999999927,-123.44000000000051,0.047099122243630914,3036130.2910789982,1092392.8289595377
49dbc14c,3872,17.110000000000582,-6.229999999999563,-118.73999999999978,0.6738119834710744,2912142.4866580577,1044502.789411157
4a035ec2,2588,28.840000000000146,-28.850000000000364,-82.10000000000036,0.08693972179289026,3007390.4353825347,1074943.6949922722
4a335117,5015,47.29000000000087,46.6200000000008,-214.59000000000015,0.2875373878364905,2915108.763507478,1046188.8077427717
4a8ecc0b,5809,39.219999999999345,4.940000000002328,156.2599999999984,0.01996901359958685,3005063.2758874157,1101336.0594422447
4b462989,3106,18.55000000000109,-4.520000000000437,173.39000000000124,0.3966516419832582,2926980.3911944623,1057912.7046200903
4b831d20,7312,31.019999999998618,-29.23999999999978,294.53000000000065,0.038840262582056896,3009226.033488786,1079616.3497989606
4c2208f5,5384,49.77000000000044,32.02000000000044,44.280000000000655,0.037704309063893014,3034012.6894316496,1091835.5980349183
4c3168cf,4334,16.01000000000022,7.1600000000016735,124.77000000000044,0.23534840793724043,3011554.1630041534,1118936.9069796954
4c3df468,5392,36.04999999999927,14.179999999998472,-284.71999999999935,0.5070474777448071,2885637.0940114986,1016919.3520122404
4caa7289,5396,22.159999999999854,15.420000000000073,157.35999999999876,0.6123054114158636,2901609.904862861,1033931.8042031133
4cd1ac61,4489,16.520000000000437,16.230000000001382,220.71000000000095,0.11940298507462686,3004344.302207619,1108031.1064736021
4cecf7b3,6019,30.23999999999978,-17.729999999999563,205.03000000000065,0.48297059312178103,3008945.310947001,1102349.0289898654
4ddde4c1,4472,18.360000000000582,8.860000000000582,156.71999999999935,0.07535778175313058,3006704.388673972,1132715.6284771916
4e050c92,3705,20.0,-10.450000000000728,-106.04999999999927,0.19406207827260458,3012333.604788124,1107005.4508502022
4ed93db6,4657,14.460000000000946,-11.680000000000291,127.29999999999927,0.037363109297831223,3007445.0109297833,1120248.635278076
4f3eb9e9,4697,61.32000000000153,43.8600000000024,99.19999999999891,0.049819033425590804,3005405.512420694,1120308.6116883117
4f4ac5ce,5162,25.3799999999992,13.600000000000364,144.0500000000011,0.5984114684230918,2896936.0665517244,1027443.4972859357
4f4afcc6,5645,32.38000000000102,-7.529999999998836,-189.32999999999993,0.07263064658990256,2907770.40508946,1028277.4261346326
4f69febf,5460,23.479999999999563,20.600000000000364,130.54999999999927,0.02857142857142857,2885923.442351648,1027864.0959560439
4fbe9c06,6287,24.730000000001382,5.510000000000218,-216.77999999999884,0.6146015587720693,2910290.3302004137,1034932.783931923
504c8b08,6367,30.390000000001237,-26.659999999998035,164.10000000000036,0.18595885032197268,2912136.136912204,1040990.2782016648
511e1db0,3821,10.760000000002037,3.640000000001237,-198.10000000000036,0.05679141585972258,2939152.372460089,1060783.7307511123
512943b2,5029,16.51000000000022,-9.020000000000437,-158.20000000000073,0.7713263074169815,3004570.8451302447,1113459.3288665737
5138a660,3559,13.989999999999782,-8.850000000000364,-141.16999999999825,0.38746838999719024,3013146.095330149,1106943.0786007305
516088b7,6645,28.68999999999869,-2.0799999999999272,246.6800000000003,0.5921745673438675,2981149.0308532733,1107247.5392325057
521a7819,5200,42.14000000000124,-16.730000000001382,198.1299999999992,0.15788461538461537,2905014.049175,1040681.8868557692
5254b6db,3274,10.25,8.470000000001164,100.97000000000116,0.21991447770311545,2919853.4679718995,1015591.069917532
529e88ca,3417,36.2599999999984,12.260000000000218,258.97999999999956,0.549897570968686,3002880.2725460934,1138327.546695932
52f1e77a,4442,22.950000000000728,21.25,-124.67000000000007,0.062359297613687525,3023010.584034219,1117478.2902791535
5305524b,4898,33.0099999999984,-21.61999999999898,210.32000000000153,0.35443037974683544,2887847.8933299305,1030015.7671661903
53134831,5126,22.31000000000131,-19.200000000000728,-93.32999999999993,0.5793991416309013,3025684.387625829,1117686.496695279
5397ceb1,5255,32.3799999999992,14.149999999999636,-198.3199999999997,0.08544243577545195,2991914.9199391054,1085987.7799828732
53f23031,8550,25.269999999998618,11.930000000000291,-261.3100000000013,0.04105263157894737,2986158.0606538006,1080977.8371847956
543198e8,6503,90.29999999999927,-48.01000000000022,339.39999999999964,0.2755651237890204,2921208.9560218365,1059241.9553744425
54753541,4026,70.35000000000036,50.68000000000029,-144.64999999999964,0.2985593641331346,2945591.4293094883,1063381.9829582714
54a7e3c2,6155,19.05999999999767,4.769999999998618,218.8100000000013,0.3445978878960195,2969522.189588952,1098978.3688253453
5542c301,3591,20.980000000001382,-0.9099999999998545,170.67000000000007,0.48120300751879697,2927185.399303815,1058232.0107156779
5567d551,6889,38.79000000000087,14.170000000000073,253.27000000000044,0.6619248076643925,2988776.684309769,1105565.875367978
55efee7f,4801,61.539999999999054,11.909999999999854,201.17999999999847,0.011039366798583628,2935042.61387211,1059425.6079212665
5663b2b7,4972,43.43000000000029,-3.0100000000002183,157.8199999999997,0.1566773934030571,2921306.3000925183,1019045.0487630734
5693dde2,3488,13.179999999998472,-2.899999999999636,-180.61000000000058,0.5874426605504587,3021302.2492975914,1111763.1085865826
56b00794,6065,43.01000000000022,22.409999999999854,-125.25,0.4314921681780709,2920496.6284732074,1042876.1637427865
57796579,5890,29.269999999998618,20.38000000000102,236.9499999999989,0.06723259762308999,2937024.864123939,1061847.9517809846
577eec7c,4539,34.10999999999876,-2.469999999997526,-183.97999999999956,0.34236615994712494,2863332.687305574,1039994.254357788
57f05c51,4771,63.82999999999993,12.68999999999869,-128.78000000000065,0.05805910710542863,3036209.072119053,1092825.9041752252
58850d2c,4995,21.109999999998763,-13.930000000000291,70.79999999999927,0.022022022022022022,3026303.1852352354,1097129.1103583584
58fa8486,4475,28.360000000000582,-7.600000000000364,143.0599999999995,0.28268156424581004,2920154.1379173184,1016525.4349005587
591cc951,4609,30.340000000000146,-14.610000000000582,221.82999999999993,0.009112605771316989,2935664.590538078,1060085.763378173
593876b6,4842,28.850000000000364,-11.659999999999854,-161.09000000000015,0.03593556381660471,3006579.600737299,1113289.0450702189
59f8b2e8,3747,22.729999999999563,11.109999999998763,-161.0600000000013,0.337336535895383,2902681.005850014,1010505.9742887643
5a1a8fd8,5260,32.97999999999956,-9.6200000000008,-123.56999999999971,0.5304182509505704,3001970.4801292773,1098713.208798479
5a5269a9,6513,22.600000000000364,-2.070000000001528,-315.7900000000009,0.46338093044679873,2995072.9154951638,1110456.3116889298
5a5d1982,3894,23.31999999999971,13.719999999999345,-141.8099999999995,0.2840267077555213,2909403.064121726,1032273.5093554185
5a63b5d1,6217,31.579999999999927,-11.960000000000946,94.93000000000029,0.546244169213447,2886424.2614267333,1011602.7719768378
5aa03df7,4871,40.840000000000146,28.920000000000073,-175.4400000000005,0.3319646889755697,2979294.2831389857,1088312.2794785465
5aa403d0,3118,30.329999999999927,28.81000000000131,145.53000000000065,0.5792174470814625,2926424.9685214884,1057425.794320077
5aef5c6c,3121,42.31999999999971,-30.210000000000946,-47.86000000000058,0.6507529637936559,2969457.038410766,1072233.7741108618
5b7b6324,6564,40.73999999999796,37.30999999999949,209.0500000000011,0.5402193784277879,2994437.2304204754,1068131.1053153565
5bd25f59,4210,12.709999999999127,-7.75,270.21999999999935,0.021852731591448932,2996382.856334917,1129907.5755486938
5beded95,3057,25.68000000000029,-16.18000000000211,-90.82999999999993,0.6234870788354596,2984667.108135427,1100593.3780896303
5cb483ac,3852,20.219999999999345,6.800000000001091,-113.04999999999927,0.11941848390446522,3011980.0577284526,1107089.0312201455
5cdd8dbc,4010,48.44999999999891,32.82999999999993,99.5099999999984,0.41970074812967584,2911448.317628429,1044067.5689476309
5d11dfb5,5895,46.04999999999927,-24.770000000000437,239.76000000000022,0.495843935538592,2980996.648444445,1056366.4603969466
5d7198fd,3368,34.470000000001164,-25.44999999999891,182.92999999999847,0.041270783847980996,3018673.11533848,1107720.1949346794
5def1ce5,6443,27.350000000000364,-3.039999999999054,-215.6900000000005,0.027161260282477107,2909140.227983859,1033730.7163246935
5eae34a8,4904,25.80999999999949,-6.010000000000218,-142.89999999999964,0.4641109298531811,2899134.3977304245,1033621.9116333604
5f4d2a52,5225,93.91000000000167,51.57999999999993,160.23999999999978,0.21511961722488038,2997750.3538947366,1119383.8458315788
5f6756c5,5931,21.339999999998327,-2.0499999999992724,249.22999999999956,0.03237228123419322,3015246.112921936,1108966.5042808969
5f75f796,5562,21.950000000000728,21.960000000000946,180.3799999999992,0.5016181229773463,3016065.7435976267,1084951.2305124057
5fb1c15f,2860,23.92000000000189,14.389999999997599,136.67000000000007,0.5237762237762238,2927876.5086118886,1058552.1874895105
5fffa282,4201,10.530000000000655,-4.450000000000728,-116.10999999999876,0.07998095691502023,2989757.6675410615,1097497.7546060462
60e37807,2699,46.93000000000029,24.05999999999767,115.25,0.025935531678399407,2985755.045705817,1088046.6821044832
61f27424,6220,10.8799999999992,4.229999999999563,199.82000000000153,0.07652733118971061,2980048.740773312,1056286.25285209
62569ae3,3588,21.659999999999854,-13.960000000000946,-86.86000000000058,0.3124303232998885,3022237.9720680043,1116188.3162430322
62a6f539,3693,20.139999999999418,4.170000000000073,113.65999999999985,0.6999729217438397,2916587.0345843486,1048153.9616111561
633774dc,6233,42.76000000000022,30.970000000001164,208.4300000000003,0.3641905984277234,2968939.400274346,1098433.6336916413
63559d57,4069,19.94000000000051,15.670000000000073,-208.64999999999964,0.6586384861145245,3015196.8259572377,1111065.6901966084
647f2a41,3881,21.150000000001455,-4.8400000000001455,-146.33999999999833,0.43442411749549087,2999766.7188688484,1092136.3702370522
65156b96,3221,31.790000000000873,25.06000000000131,-190.1900000000005,0.050294939459795095,2926588.8853927357,1056161.07298665
653612bc,4605,6.130000000001019,-0.13999999999941792,-104.78000000000065,0.035613463626492946,3025037.3774679694,1117836.021029316
656a067b,3051,39.61000000000058,2.2000000000007276,125.34000000000015,0.20419534578826615,3007731.254470665,1132028.7189347756
65a5466a,4683,36.23999999999978,12.30999999999949,-193.92000000000007,0.2746102925475123,2999442.13771514,1124538.1272624386
660d9546,4732,22.350000000000364,-6.040000000000873,-112.23999999999978,0.2081572273879966,3023967.844706255,1117544.4411073541
6767c111,6783,40.17000000000189,32.099999999998545,421.7399999999998,0.4820875718708536,3004863.1746306946,1137692.9723824267
67847288,7429,24.639999999999418,-13.470000000001164,240.27000000000044,0.4664153991115897,3006749.0934715304,1078582.155579486
67a8da4a,4911,27.789999999999054,15.350000000000364,156.85000000000036,0.187945428629607,3020559.860120138,1084834.7320382814
684a6fc1,9818,37.979999999997744,5.430000000000291,-231.28999999999905,0.5022407822367081,2961915.395702791,1076401.0849908332
698930d1,4741,30.23999999999978,25.530000000000655,150.96000000000095,0.1489137312803206,3006962.1114089857,1132374.4302320185
699ea575,4120,24.80000000000109,8.820000000001528,88.72000000000116,0.4507281553398058,3011967.7690218445,1102935.774026699
69c1bdad,2714,33.32000000000153,-17.959999999999127,89.47999999999956,0.4086219602063375,2978610.8004200445,1099038.4054753133
69e41fa6,5772,16.679999999998472,-12.670000000000073,-127.93999999999869,0.4442134442134442,3021781.137255717,1115285.964579002
6a0ff78e,6465,43.75,-16.170000000000073,-193.36999999999898,0.04021655065738593,2909377.384663573,1033964.4634957464
6a8fa194,3017,15.770000000000437,-0.37999999999919964,116.90000000000146,0.05601590984421611,2909457.4474279084,1017815.1942558832
6ae68655,4204,15.849999999998545,-8.709999999999127,182.9300000000003,0.1988582302568982,2988992.9782207427,1059884.7301950522
6d1d74e1,5830,39.97999999999956,-21.69000000000051,-261.6800000000003,0.307032590051458,2886204.6183722126,1017093.7170840481
6d590e26,6096,31.899999999997817,-7.030000000000655,246.4400000000005,0.33218503937007876,2994807.2472555777,1118750.3437057086
6d6d93af,3595,51.70999999999913,-10.260000000000218,-138.03999999999905,0.4356050069541029,2902930.153961057,1011238.799045897
6dbe4b60,4648,21.94000000000051,-4.380000000001019,-161.17000000000007,0.5,3004943.2910111872,1113245.4913468158
6e6d122c,5632,29.780000000000655,-7.100000000000364,-165.72999999999956,0.2872869318181818,3010576.720715554,1088849.274996449
6e9ccd38,8282,44.719999999999345,-15.579999999999927,200.9499999999989,0.03887949770586815,2869171.8407763825,1029371.1787394349
6ea22614,5971,24.399999999999636,-4.200000000000728,-224.8799999999992,0.44615642270976386,2993258.0338686993,1117346.372098476
6ede926a,4938,23.18999999999869,11.450000000000728,144.48999999999978,0.35905224787363305,2901986.4769420815,1034027.403473066
708caea9,6548,50.63000000000102,41.0,416.34000000000015,0.21701282834453267,3005266.108263592,1138042.2219532682
70925e23,5947,26.81999999999971,-8.7599999999984,92.47000000000116,0.11804271061039179,3023541.892118715,1079008.5872423071
70e1788b,9285,25.55999999999949,9.5,211.9400000000005,0.03963381798599892,2871042.7923855674,1030282.612360797
71642c7d,4648,24.94999999999891,-2.6299999999991996,-171.53000000000065,0.2689328743545611,2945165.408879088,1011515.1130163511
71ccf778,2698,12.510000000000218,-1.679999999998472,90.53999999999905,0.04595997034840623,2910182.2934469976,1018596.605618977
7224331b,6063,17.079999999999927,-9.260000000000218,243.8099999999995,0.7085601187530925,2981940.808866897,1056514.6222233216
722cf0d8,5143,33.340000000000146,16.829999999999927,150.1999999999989,0.03772117441182189,2886672.3525840947,1028713.6969978611
7256229b,5415,24.88000000000102,-2.1199999999989814,-224.33999999999833,0.6642659279778393,2997352.7308088643,1118402.69522253
726f3dc2,6723,22.55000000000109,-1.319999999999709,207.84000000000015,0.36635430611334224,2980387.0271976795,1106523.17708166
7271dd80,4340,12.80999999999949,-8.6200000000008,-136.1999999999989,0.04216589861751152,2958560.616460829,1076460.731029954
727a3a10,4397,18.51000000000022,-9.209999999999127,8.389999999999418,0.3297702979304071,3034588.214785081,1099201.1945098932
729665c0,4263,25.81999999999971,14.340000000000146,-166.8099999999995,0.555008210180624,2999951.8326108376,1092431.6265634529
729e9750,5919,27.43999999999869,16.019999999998618,-222.1900000000005,0.5720560905558372,2889394.6348014865,1019670.5659672243
729f4217,6195,20.909999999999854,0.4899999999997817,-192.73999999999978,0.5301049233252623,2910605.803538337,1035127.616952381
72dd8501,5193,18.029999999998836,7.510000000000218,137.32999999999993,0.5470826112073945,3006786.0179010206,1102183.4927537069
73348914,4221,21.299999999999272,7.680000000000291,-171.14999999999964,0.22506515043828476,2945000.447230514,1011490.8287846481
739a914f,5505,33.26999999999862,-13.69000000000051,-209.38999999999942,0.42397820163487737,3008884.4763396913,1113472.573760218
73b1447d,5670,52.210000000000946,35.42000000000007,-212.57999999999993,0.3843033509700176,3010230.587640212,1088707.5996966492
74b6186b,3405,11.069999999999709,9.670000000000073,134.21999999999935,0.6405286343612335,2957216.2307518353,1089881.9262349487
75c20ec7,5361,32.710000000000946,-2.9400000000005093,189.23999999999978,0.6590188397686999,3002718.3705353476,1093089.7221880245
75cd5f11,4946,20.049999999999272,-9.900000000001455,-138.17999999999847,0.27739587545491307,2910417.876251516,1036978.1405843105
75d20a82,5067,43.840000000000146,12.840000000000146,139.53000000000065,0.15117426485099664,2921280.7135859486,1019085.2635070062
76201745,4448,29.30999999999767,5.920000000000073,-184.53999999999905,0.49303057553956836,2999746.118268885,1124474.591742356
764072a5,2949,14.579999999998108,-0.8999999999996362,92.11000000000058,0.6398779247202442,2909285.08674805,1042159.8009766022
77b0d905,4174,19.529999999998836,15.140000000001237,116.44999999999891,0.25563009103977,3010574.5171586005,1096366.9353953043
77e4821c,5393,40.23999999999978,20.26000000000022,-129.8700000000008,0.632857407750788,2922108.1120656403,1044442.1979213795
7850c72e,5497,45.25,7.829999999998108,-194.75,0.04748044387847917,3037133.7644151356,1092904.6262979808
78a4a386,5119,18.980000000001382,-3.390000000001237,169.86000000000058,0.223481148661848,2980923.7443270166,1106178.8951045126
79507629,5302,22.44999999999891,-21.450000000000728,191.9499999999989,0.1050546963410034,2999186.817727273,1074655.3876291965
796dbd4c,6248,18.950000000000728,1.5,-256.60999999999876,0.4007682458386684,2993565.298815621,1117551.4862291934
7987f2f2,3705,42.52000000000044,12.44000000000051,-189.21999999999935,0.46180836707152495,3014786.132040486,1111146.2017948716
7993a768,5487,19.1299999999992,11.609999999998763,95.53000000000065,0.19938035356296702,2986229.0642081285,1062171.6962092218
7a5660b0,4998,30.670000000000073,-30.670000000000073,135.3099999999995,0.034013605442176874,3018956.622284914,1090823.2098799518
7acda2df,3091,37.19999999999891,24.200000000000728,-73.97999999999956,0.11355548366224523,2917152.6130960854,1041490.4164930444
7b2c7b3c,2584,19.75,17.020000000000437,103.13000000000102,0.04024767801857585,2986379.044779412,1088309.1858823528
7b38844c,3749,29.789999999999054,8.510000000000218,-123.78999999999905,0.15017337956788476,3011622.2027500663,1107046.1828700986
7bb17b96,3922,31.090000000000146,13.149999999999636,-167.17000000000007,0.4474757776644569,3013806.680438552,1106998.1349439062
7c607683,5328,27.020000000000437,3.2300000000013824,178.21999999999935,0.36373873873873874,2906121.963079955,1041551.9589602102
7cbbd047,5121,30.899999999999636,20.43000000000029,-261.6900000000005,0.16637375512595196,3017523.458547159,1111227.1868502246
7cd4bb31,6439,26.929999999998472,2.7399999999997817,-231.0699999999997,0.3393384065848734,2906285.2175896876,1027309.5312967851
7d50373e,5122,18.650000000001455,-16.420000000000073,-85.81000000000131,0.2844591956267083,2902679.3545060526,1023440.7457165169
7d57c75d,4405,42.73999999999978,19.729999999999563,-145.04999999999927,0.10102156640181612,3003912.1538842227,1129319.4489080592
7e208414,4226,11.25,-9.5,-113.89999999999964,0.09252247988641742,3010736.379058211,1107250.141105064
7e721392,6174,53.01999999999862,-47.82999999999993,118.90999999999985,0.5672173631357305,2886011.0735552316,1011590.7942306446
7ff89f8f,7337,40.969999999999345,-14.3799999999992,185.79999999999927,0.2108491208940984,2868801.1404552264,1029024.7696906092
8050c789,3077,29.459999999999127,-16.109999999998763,97.1200000000008,0.24894377640558987,3006551.4019499514,1085319.8705232372
807f0298,3747,37.11999999999898,14.899999999997817,250.23999999999978,0.44141980250867363,3005727.262407259,1139594.3164478252
811f52b3,4836,15.920000000000073,-0.3900000000012369,186.67000000000007,0.06823821339950373,2904593.0674441685,1034729.5832133995
81bf5923,4543,53.55000000000109,-40.17000000000007,41.17000000000007,0.08320493066255778,3034999.9746401054,1099628.3563548317
81fc01c6,5909,42.76000000000022,39.54000000000087,218.46999999999935,0.17684887459807075,2953993.41727365,1088774.3382095108
8255c867,3589,42.02000000000044,41.63000000000102,42.79000000000087,0.229869044302034,2914802.7261326276,1041466.4179102815
82aab6d2,6140,28.349999999998545,-13.680000000000291,238.32999999999993,0.4190553745928339,2980801.8329267097,1056405.6841286644
82fcf37c,6014,16.850000000000364,10.140000000001237,90.56000000000131,0.5483870967741935,2881718.1675374126,1023712.2278949118
833af382,3628,28.950000000000728,-6.520000000000437,77.5,0.28969128996692395,2915341.5639608596,1041896.3020231532
8382f4b6,4967,58.279999999998836,-56.42000000000007,172.98999999999978,0.6559291322730018,3009817.181391182,1120253.123360177
84633df4,4972,14.550000000001091,5.100000000000364,227.60000000000036,0.5679806918744972,2991467.12391794,1125027.7344810942
8478df29,4857,17.80999999999949,-2.0499999999992724,232.82999999999993,0.6660490014412188,2991702.2532962733,1125128.053430101
84815d5a,3647,34.350000000000364,21.31000000000131,88.92000000000007,0.27858513846997535,3013236.9027173016,1103067.0257746093
84c3b497,5312,63.35999999999876,33.51999999999862,168.67000000000007,0.17865210843373494,2888914.081381777,1011426.4225263555
85380836,6618,27.13000000000102,22.890000000001237,184.51000000000022,0.41175581746751283,2905689.7569960714,1040997.7297688124
8612b37f,5165,45.25,2.4899999999997817,225.45000000000073,0.5823814133591481,2999335.018338819,1105462.0614036785
861e71df,4700,20.0099999999984,-11.850000000000364,-151.16000000000167,0.15170212765957447,3006997.0278106383,1113347.0655553192
86454a6f,7964,96.67999999999847,79.18999999999869,-307.64999999999964,0.8117780010045204,3002930.702970869,1085577.189403566
8648abae,4244,20.93000000000029,5.699999999998909,-189.82999999999993,0.050188501413760606,3016168.6372360983,1106798.494990575
865033f8,3557,19.3799999999992,4.510000000000218,109.28000000000065,0.6589822884453191,2916015.290697217,1047748.2715265674
87695469,7003,26.01000000000022,-8.739999999997963,235.02000000000044,0.4412394687990861,2874349.0965600456,1046329.0461645011
877ed19c,3708,12.489999999999782,-0.43000000000029104,-145.47999999999956,0.30393743257820927,3012269.649902913,1112147.6019147788
87aa3730,5607,24.18999999999869,-5.470000000001164,-210.5500000000011,0.23256643481362582,2907544.070085607,1028008.4618708757
884ecb5f,6724,45.48999999999978,10.360000000000582,-225.78000000000065,0.03896490184414039,2909522.980049078,1034297.8130933967
8902c3f6,4959,21.329999999999927,1.9799999999995634,-136.85000000000036,0.4831619278080258,2946807.524875983,1066100.80646098
896d15b9,4279,48.48999999999978,19.81999999999971,175.6800000000003,0.6620705772376724,2912458.421815845,1017544.5393362935
8995c945,6724,29.899999999999636,28.81999999999971,428.7600000000002,0.12120761451516954,3005685.376772754,1138118.418433968
89969c7a,4947,25.23999999999978,-6.869999999998981,206.1999999999989,0.38164544168182735,2994590.951477663,1124619.8402021427
89f1085d,5994,43.56999999999971,-13.040000000000873,258.9300000000003,0.3314981648314982,3001053.7657240573,1066704.9054504505
89f36adf,5292,18.720000000001164,-5.819999999999709,-103.17000000000007,0.608843537414966,3025362.5181557066,1117802.4169142102
89fdb2f2,2031,6.350000000000364,0.3000000000010914,-53.06999999999971,0.534711964549483,3011844.323259478,1108314.088414574
8a3da6d1,4593,25.829999999999927,11.659999999999854,186.65999999999985,0.46026562159808404,3007776.604160679,1108214.9335641195
8a89da23,3935,37.289999999999054,36.20999999999913,-121.18999999999869,0.149428208386277,2912429.000335451,1038399.0356340534
8a9c8932,4663,9.579999999999927,-3.6900000000005093,142.71000000000095,0.04524983915933948,2899542.4114218317,1028768.5322839373
8ac2f237,5319,45.29999999999927,-40.77000000000044,156.67000000000007,0.04230118443316413,3008774.2185542397,1120264.1516995677
8b12bab6,5234,31.69999999999891,27.460000000000946,114.95999999999913,0.5827283148643485,2999385.9827932743,1098876.1251089033
8b5be31b,5672,32.04000000000087,-11.610000000000582,260.75,0.599083215796897,2951844.5839227783,1086987.3466220025
8b95d6d1,1731,16.55999999999949,-14.569999999999709,-35.43999999999869,0.537261698440208,2946585.751230502,1068667.566048527
8b9d8326,6163,22.349999999998545,-14.1299999999992,-174.76000000000022,0.6563361999026448,3002106.288658121,1074799.9518935585
8bb9c1e6,4546,14.349999999998545,-5.75,162.72999999999956,0.12120545534535855,2904427.824879015,1034413.7672657281
8bda1a11,5981,46.36000000000058,18.799999999999272,-209.5599999999995,0.5472329041966226,2889738.8026467147,1020076.8585470656
8bfa881d,4089,56.77000000000044,53.19000000000051,75.07000000000153,0.4590364392271949,3012400.2003179262,1097124.7280606504
8c167025,5368,30.270000000000437,4.5,-133.45999999999913,0.1328241430700447,2943719.283580477,1061448.9711512667
8c8348e8,3888,19.06999999999971,-5.980000000001382,-40.14000000000124,0.3073559670781893,3025299.382597737,1096850.4562808643
8cc21f01,4044,18.80999999999767,-4.25,-108.29000000000087,0.3464391691394659,2966791.705986647,1062531.9678635013
8cc800b3,6576,20.44999999999891,-15.06000000000131,-343.5500000000011,0.03938564476885645,2991211.0703923353,1108951.8976916058
8d5d46d7,5755,26.670000000000073,7.8400000000001455,205.67000000000007,0.28236316246741966,2904921.524154648,1035411.5863405735
8d92cb49,3589,23.459999999999127,-21.669999999998254,141.3700000000008,0.224575090554472,2989308.9559570914,1092101.5134661465
8f201368,6349,45.409999999999854,31.6299999999992,184.6999999999989,0.4947235785163018,2905395.5209938576,1040781.3996314381
90386ee4,3840,22.359999999998763,7.670000000000073,-145.27999999999884,0.5026041666666666,2906901.8615520834,1026076.94753125
91abc4c7,5848,22.26000000000022,-6.119999999998981,189.26000000000022,0.6109781121751026,2897651.46374487,1028794.5927701779
91b301ce,6570,121.84000000000015,-91.02000000000044,282.25,0.14657534246575343,2919047.7481019786,1057054.900083714
91db7070,4073,62.3600000000024,57.02000000000044,-195.13999999999942,0.3336606923643506,3014350.964868647,1096617.6476724772
925a7cd1,4517,9.69000000000051,-7.709999999999127,175.97999999999956,0.17467345583351782,3001203.5298339613,1092962.2668297542
9283ae69,3371,15.06000000000131,-2.1199999999989814,166.1900000000005,0.3814891723524177,2925471.9407861168,1062401.1350044499
9298ad5b,3964,42.649999999999636,-12.200000000000728,117.09000000000015,0.5025227043390514,2976116.435724016,1095388.2080928355
9314ff13,2748,14.650000000001455,-7.199999999998909,112.38999999999942,0.04148471615720524,2910616.007328966,1018938.8579039301
93209a3d,4697,18.43000000000029,1.0999999999985448,251.60000000000036,0.5648286140089419,3004094.388831169,1107525.438990845
939d9c34,5101,67.52000000000044,30.960000000000946,132.0699999999997,0.4348167026073319,2992858.2047284846,1103125.853469908
93f5d2e6,3691,48.23999999999978,-47.93999999999869,-87.5,0.3351395285830398,2930172.158052019,1052892.129723652
940a48d9,3963,24.530000000000655,-10.459999999999127,-104.79000000000087,0.1680545041635125,2991389.4521801663,1116982.7663487257
940e709a,3348,12.520000000000437,-0.9200000000000728,158.5699999999997,0.3835125448028674,2925141.541084229,1062070.6605585425
9426ec1e,2532,17.80999999999949,-15.44000000000051,-81.20000000000073,0.15205371248025276,3012794.5842061616,1106393.3301263822
94467f50,3035,42.22999999999956,-32.79000000000087,142.64000000000124,0.22042833607907744,2937385.110243822,1066958.4916079077
944f36b9,4630,12.010000000000218,7.530000000000655,-189.23999999999978,0.15831533477321813,2999808.400419006,1124476.8258423326
94d813a4,4847,61.44000000000051,-54.8700000000008,191.79999999999927,0.28636269857643903,3020202.066414277,1084738.8448070972
95b559e7,2887,28.100000000002183,8.140000000001237,-65.57999999999993,0.3023900242466228,3023624.4857568415,1118529.169632837
95c8427f,6335,39.92000000000007,-19.19000000000051,169.6200000000008,0.19984214680347276,2912146.200252565,1041580.4090639305
96936c22,3346,14.619999999998981,8.199999999998909,83.22999999999956,0.2023311416616856,3006527.8554124325,1089257.3776270172
96ae5806,9839,25.909999999998035,-6.6200000000008,-327.9599999999991,0.552393535928448,2993933.068536436,1066696.7008374836
96b7eea1,4332,15.630000000001019,13.180000000000291,182.97999999999956,0.38550323176361956,2984993.906408126,1110961.8351846724
9719aa04,4871,23.6299999999992,7.31000000000131,195.38999999999942,0.043112297269554505,3006284.228277561,1132949.7774543215
974802e7,5843,53.67000000000007,32.25,202.53000000000065,0.5676878315933596,2869101.4252319015,1049688.116984426
97cd5bf9,3449,25.80999999999949,17.209999999999127,123.29000000000087,0.6332270223253117,2955648.500562482,1088475.5478718467
98177ced,4772,21.8700000000008,-4.279999999998836,-115.09000000000015,0.04463537300922045,3036730.8527388936,1092999.517778709
9896fc0b,3595,52.70999999999913,-43.48999999999796,-125.65000000000146,0.3972183588317107,2930974.876453407,1053558.1773602224
98bc6f66,6063,26.409999999998035,-0.48999999999796273,160.98000000000138,0.42734619825169057,2880887.7857694216,1023064.5030644895
992c99e8,4904,30.390000000001237,-20.8799999999992,146.8799999999992,0.3786704730831974,3006440.0255505713,1120151.6932381727
992ce078,2879,11.179999999998472,-7.0,109.92000000000007,0.038555053838138245,2909849.258311914,1018189.4985133728
99529c45,5840,30.329999999999927,-7.350000000000364,169.42000000000007,0.5669520547945206,2895641.82804452,1026274.3794606165
995ff498,4526,27.31999999999971,-17.80000000000109,146.72999999999956,0.5627485638532921,2904497.9084003535,1036999.2818316394
999daf80,3564,12.299999999999272,-1.8700000000008004,109.22999999999956,0.08052749719416386,2915752.228827161,1047505.8743265994
9a6b0392,4255,19.43999999999869,-15.869999999998981,-147.22999999999956,0.5029377203290247,2998344.291078731,1124436.8592361924
9a8ae0d6,6294,26.81999999999971,13.069999999999709,172.8000000000011,0.5111217032094058,3008638.4226723863,1102153.0845408326
9a95e33f,6447,52.79999999999927,-10.110000000000582,196.64000000000124,0.1532495734450132,2888114.7486272687,1011625.5227190941
9ab94eeb,4442,24.93000000000029,-16.44999999999891,187.51000000000022,0.534894191805493,2920643.3373570465,1052111.637588924
9ad5410a,4205,19.399999999999636,-14.070000000001528,211.01000000000022,0.08014268727705114,3002871.6262235437,1107368.7553650416
9ae248be,5271,25.969999999999345,8.139999999999418,262.0799999999999,0.32024283817112503,2948003.0911174347,1018331.9704742933
9af1ffd0,3525,32.80000000000109,-32.29000000000087,167.03999999999905,0.05446808510638298,2950790.194765958,1084292.667860993
9b5b61c1,5532,18.94000000000051,8.1200000000008,-172.35999999999876,0.09399855386840203,2974084.9073481564,1093049.2724132321
9b9e3b49,5118,27.969999999999345,-7.93999999999869,221.9399999999987,0.5775693630324346,3008580.0129308323,1114011.0133528723
9bd2bba3,7439,22.409999999999854,3.75,214.76000000000022,0.037639467670385805,3007561.1135515524,1078865.0449025407
9c211c53,7265,25.030000000000655,-11.56999999999789,275.0499999999993,0.4802477632484515,2867985.038473503,1049448.8342849277
9c350a6a,6052,43.06000000000131,-10.760000000002037,-103.39999999999964,0.44894249834765365,2997984.59214805,1097618.2904180437
9c8375f7,3674,19.68000000000211,5.390000000001237,55.75,0.27708219923788785,2915699.512534023,1042205.3451551443
9d072e4c,5107,26.979999999997744,14.0099999999984,-157.53000000000065,0.14626982572939104,3001423.2231329544,1098761.8746641863
9d3ec64c,3480,21.470000000001164,6.06000000000131,-152.26000000000022,0.20517241379310344,2954410.7206609193,1079905.192827586
9d4272e3,4030,26.910000000001673,25.660000000001673,113.65999999999985,0.5369727047146402,2998581.8066302733,1072332.086364764
9d5e14d4,5400,40.81999999999971,-37.48999999999978,229.47999999999956,0.5618518518518518,2888905.1595055554,1030575.2281962964
9da441ba,5783,32.64999999999782,12.090000000000146,-279.40999999999985,0.20560262839356735,2998781.218798202,1111444.1859242606
9dede370,6297,37.900000000001455,22.590000000000146,228.5699999999997,0.4070192154994442,2980621.096518977,1056331.1436303002
9def2eb2,6003,25.829999999999927,12.380000000001019,-228.52000000000044,0.12377144760952857,2985196.2270448105,1081846.2395452273
9df1b1f9,4701,23.390000000001237,9.7400000000016,182.70999999999913,0.6855988087640927,3014344.553514146,1108113.8461114655
9dfff011,4319,15.910000000001673,5.040000000000873,78.57999999999993,0.3727714748784441,2985447.675429498,1093977.035096087
9e3e364d,4290,21.079999999999927,17.670000000000073,-183.5,0.5186480186480187,3013079.290296037,1112771.330004662
9efc812e,4450,27.06000000000131,-13.31000000000131,-5.5,0.02292134831460674,2943060.9454157306,1056613.8626898876
9f0c7bae,2542,12.649999999999636,12.389999999999418,-63.409999999999854,0.3202202989771833,2950019.542025964,1012424.0937490165
9ffce529,5212,31.390000000001237,-21.200000000000728,170.15000000000146,0.4113584036838066,2924011.072285111,1021766.8553127397
a0383629,5832,17.219999999997526,0.9399999999986903,-173.04999999999927,0.546639231824417,2895961.966287723,1033048.9490775035
a056d01e,6557,42.93000000000029,-24.910000000001673,-186.96999999999935,0.2696355040414824,2973691.477291444,1066421.6228366632
a08d9e63,3685,36.04999999999927,14.380000000001019,-156.23999999999978,0.25590230664857533,2929502.5861329716,1052324.4828358209
a0b83014,5035,26.239999999997963,6.130000000001019,-121.86999999999898,0.551142005958292,3007823.2181310826,1119456.0471082425
a0e92ed6,4897,32.82999999999993,-23.209999999999127,177.51000000000022,0.4998978966714315,3011024.6959628346,1119314.577567899
a15bc102,3236,7.4099999999998545,3.859999999998763,116.71999999999935,0.5633498145859085,2960121.746795426,1086463.9742737948
a247e7cf,5674,15.030000000000655,-3.2000000000007276,-173.85000000000036,0.5667959111737751,2890214.2939196336,1020326.8400352487
a2e8e7f6,4760,35.659999999999854,19.11999999999898,-129.8799999999992,0.4808823529411765,2947565.4772058823,1067514.0158802522
a3518960,4967,23.31999999999971,10.55999999999949,163.8099999999995,0.0376484799677874,3024076.273172941,1112389.6323696396
a3f71395,5543,38.32999999999993,-9.06999999999789,303.02000000000044,0.07865776655240844,2945717.825184918,1018193.7388995129
a4719920,5884,25.17000000000189,6.950000000000728,-198.71000000000095,0.6442895989123045,2990160.3159432355,1085270.3726512578
a48640d9,4532,27.399999999999636,2.959999999999127,-103.70999999999913,0.13879082082965577,3010486.862680936,1070410.1693534863
a4cdbb0f,5204,41.409999999999854,-4.9099999999980355,188.36000000000058,0.037855495772482706,2887129.8009127593,1029153.8185222906
a4f989c2,5385,21.719999999999345,-8.6200000000008,-167.23000000000138,0.0479108635097493,2974429.8762711235,1093235.6580854224
a5aa7973,4616,35.44999999999891,-22.31000000000131,201.22000000000116,0.4016464471403813,3007231.0073006935,1131997.4463539864
a5e6f7dc,5649,19.979999999999563,-13.200000000000728,-269.75,0.5186758718357232,2992284.774636219,1109318.1060506285
a612d5a0,5329,27.329999999999927,15.929999999998472,-173.36999999999898,0.047100769375117285,2973853.0568868457,1092700.4956858698
a622ce4d,6298,29.479999999997744,6.469999999997526,-306.6800000000003,0.44934899968243885,2995707.5172848525,1110573.0304826929
a645da9a,5153,26.5099999999984,-8.44000000000051,-245.84000000000015,0.19619639045216378,3018388.9550397824,1111178.7649582766
a692b17e,3566,34.3799999999992,2.899999999999636,113.36000000000058,0.5975883342680874,2908505.040159843,1041995.2897532249
a6b8ac67,5453,30.409999999999854,14.319999999999709,235.9499999999989,0.0737208875848157,2946419.420091693,1018328.2859471851
a6ed2eff,5275,34.279999999998836,12.040000000000873,132.29000000000087,0.5624644549763033,3010118.379679621,1120181.7012189573
a6f967fb,4670,21.850000000000364,-11.030000000000655,-107.0,0.04197002141327623,3036424.264740899,1092614.5892955032
a76db406,4672,15.550000000001091,15.420000000000073,-116.67000000000007,0.012414383561643835,2947100.4311536816,1066544.4320355307
a7744f5b,4377,29.649999999999636,20.770000000000437,-153.09000000000015,0.16860863605209048,2908997.629737263,1032221.5340050263
a783cc24,1889,55.75,-55.779999999998836,-11.270000000000437,0.11646373742721017,2939652.3646797244,1067134.554669137
a79fd2e7,4404,27.55000000000109,-0.6900000000005093,187.01000000000022,0.5249772933696639,3007992.575926431,1108257.5562579473
a7fc3e6b,4764,33.029999999998836,4.440000000000509,-215.5,0.6341309823677582,2952061.098026868,1070984.1748992444
a85bb86f,3099,19.13000000000102,-0.8600000000005821,128.07000000000153,0.14746692481445628,2917589.9938593097,1049173.8647241045
a85e4bc3,4581,31.1200000000008,1.0900000000001455,-208.0,0.4977079240340537,2862410.982901113,1039256.7976926435
a87433c9,5721,20.840000000000146,-0.8700000000008004,-163.9300000000003,0.5813668938996679,3004530.061503234,1099680.6236776786
a8ed028a,5538,36.89000000000124,16.159999999999854,88.59000000000015,0.04749006861682918,3033831.177650776,1091755.7849313833
a959858c,4404,90.53000000000065,89.73999999999978,-275.97000000000116,0.6139872842870118,3020717.218671662,1106712.3724909173
a9c9b150,3986,5.680000000000291,0.7900000000008731,160.1900000000005,0.5474159558454591,2984468.474698947,1111102.4317787255
aa95015b,4300,25.61999999999898,10.130000000001019,-163.6900000000005,0.3444186046511628,3001375.8855325584,1113924.9554302327
aaaf3c03,2997,48.150000000001455,3.9099999999998545,111.67999999999847,0.05538872205538872,2908489.4864197527,1017136.845025025
aaeffccb,2712,14.590000000000146,7.360000000000582,-53.68000000000029,0.6084070796460177,3008371.7930457224,1089111.4895280236
ab112491,5185,43.57999999999993,29.770000000000437,122.86999999999898,0.04223722275795564,2997910.577442623,1088962.7875004823
ab18d3fc,5694,37.07000000000153,-26.100000000000364,-159.71999999999935,0.31383912890762206,3011291.2783315773,1089094.1902704602
ab3ced07,4250,26.48999999999978,3.1599999999998545,124.02000000000044,0.49105882352941177,3011858.502647059,1096834.0938588236
ab6fe95d,5491,24.649999999999636,7.930000000000291,176.4300000000003,0.2504097614277909,2857161.6891804775,1043642.2189164086
ab94878e,6004,21.840000000000146,4.1599999999998545,267.4800000000014,0.040972684876748836,2937303.2152365088,1062049.2711892072
abf460d2,3217,26.0,22.399999999999636,73.18000000000029,0.5825303077401306,3006802.6216599317,1089393.0451631956
ac6f01d5,5004,32.69000000000051,-15.140000000001237,-110.29999999999927,0.02697841726618705,3016265.5226079137,1090597.7700599518
ad2133a8,5729,48.63000000000102,6.380000000001019,155.14000000000124,0.2871356257636586,2922923.684161285,1019628.846591028
add9c322,3932,22.670000000000073,-7.900000000001455,138.78999999999905,0.5846897253306206,2990262.5298067145,1118069.6341963378
ae069086,4770,38.159999999999854,-8.649999999999636,217.11999999999898,0.0067085953878406705,2935360.3509308174,1059733.423446541
ae0784a8,7823,24.94000000000051,9.869999999998981,-258.09000000000015,0.574715582257446,2992768.3695308706,1067031.9302786656
ae35f33a,4450,20.43000000000029,-12.029999999998836,-146.39999999999964,0.2541573033707865,2945507.714033708,1011434.9599235954
ae8959c3,4518,34.210000000000946,34.20000000000073,237.0500000000011,0.06905710491367861,2995414.4525475875,1130095.3583311199
aed44918,2719,16.279999999998836,1.359999999998763,88.66000000000167,0.7006252298639205,3000883.433721957,1068065.608341302
aee6393a,5865,14.039999999999054,-0.7199999999993452,-125.73000000000138,0.4854219948849105,2921055.791618073,1043397.9371065642
af7a59ce,3024,11.169999999998254,4.239999999999782,-89.63999999999942,0.2857142857142857,2904671.8235945767,1024390.6344675926
aff4e561,6026,21.0,19.51000000000022,101.20000000000073,0.354629936939927,2881314.214759376,1023409.8719482243
b04b58a3,3402,31.44000000000051,-4.779999999998836,-132.76999999999862,0.04879482657260435,2944392.37898883,1071226.4063256907
b0d42b0d,4971,32.93000000000029,-6.479999999999563,218.65999999999985,0.5608529470931403,2982974.288197546,1109129.061567089
b0f53bf4,2755,18.679999999998472,-0.07000000000152795,93.67000000000007,0.2754990925589837,2998079.780054447,1092167.8233393831
b19b0395,5813,25.81000000000131,-14.359999999998763,-105.89999999999964,0.037674178565284704,2901335.09335283,1021815.7032719766
b1efb8a4,5998,19.3799999999992,2.4200000000000728,148.5600000000013,0.051683894631543846,3005971.660781928,1101342.6517589197
b32902c0,3808,27.93000000000029,21.950000000000728,132.23999999999978,0.5428046218487395,2989906.44302521,1118134.280680147
b32e4903,5770,22.459999999999127,13.289999999999054,179.4400000000005,0.04072790294627383,2901464.383190641,1029700.0948856152
b3388334,6080,57.960000000000946,24.720000000001164,194.52000000000044,0.2455592105263158,2888529.188180921,1011539.1128421052
b37fd114,8161,53.150000000001455,18.049999999999272,-253.35000000000036,0.08148511211861291,2987564.9359110403,1081495.4269501287
b38e3116,6211,24.770000000000437,-1.8800000000010186,157.27000000000044,0.055385606182579296,3006284.504554822,1101471.3720817904
b4d8dd4f,4259,54.69999999999891,28.739999999997963,119.44000000000051,0.09673632308053534,2914569.6723174453,1047714.6923104014
b4f37e6e,2992,34.960000000000946,33.63000000000102,-83.80999999999949,0.35093582887700536,2917870.8833422456,1042285.3355147057
b56bc0aa,5602,15.239999999999782,0.10999999999876309,208.6800000000003,0.22438414851838628,2913883.679209211,1046188.9908943234
b585b4fa,4294,36.73999999999978,-24.510000000002037,189.76000000000022,0.11830461108523521,2904637.005863996,1039535.375442478
b5aa9634,7326,37.06000000000131,-33.400000000001455,257.60999999999876,0.042042042042042045,3008732.1904791156,1079418.7134302484
b7974e66,5558,19.149999999999636,-6.520000000000437,150.36999999999898,0.5273479668945664,2987359.7575170924,1069198.0900431809
b7cdcecb,6168,25.409999999999854,20.350000000000364,-277.22999999999956,0.425745784695201,2887667.606311608,1018040.4734014268
b7fea9ef,3866,18.30999999999949,-1.7000000000007276,-167.3700000000008,0.1404552509053285,2940225.8572400413,1066308.3108561821
b85f7b06,3803,9.959999999999127,8.299999999999272,-178.21999999999935,0.20168288193531422,3011944.6549697607,1112209.7852353405
b881d27e,4009,27.4900000000016,19.450000000000728,-155.5,0.506610127213769,2906594.261673734,1025897.8969319033
b8c49c1a,4319,32.13999999999942,3.1599999999980355,-124.86000000000058,0.22759898124565872,2945203.949525353,1063048.0248344524
b95e7121,6306,11.399999999999636,1.4000000000014552,-332.02999999999884,0.06660323501427212,2999368.2457009195,1111897.651906121
b977be4a,5917,54.23999999999978,-11.649999999999636,-302.59000000000015,0.2467466621598783,2996797.1174835223,1110720.5773145175
ba48188d,4166,104.98999999999978,-103.78000000000065,233.13999999999942,0.17690830532885263,3009807.5415554484,1087781.0032837254
bb2cdd83,3825,12.640000000001237,6.4799999999977445,136.42000000000007,0.14431372549019608,2904466.6165124183,1039207.266909804
bb337fa0,6873,36.93000000000029,33.70000000000073,222.59000000000015,0.6688491197439255,2988370.0968732717,1105270.710423396
bb682ebd,4139,35.95000000000073,29.320000000001528,162.3100000000013,0.28799226866392846,3007414.8273036964,1131926.5662382217
bc4381e2,4955,20.48999999999978,15.530000000000655,130.36000000000058,0.5814328960645813,2984313.602752775,1059731.5694006055
bcebcc5f,6258,37.69000000000051,37.649999999999636,-190.46999999999935,0.4852988175135826,2960756.9213358895,1077749.1448146373
bd2c2f34,9823,24.73999999999978,-4.299999999999272,248.39000000000124,0.6298483151786624,2871754.001026163,1030559.5967331772
bd4ae5da,5006,22.299999999999272,-14.80999999999949,207.95999999999913,0.670994806232521,3008267.616879744,1114075.8796184578
bd6f0e19,5140,16.23999999999978,8.549999999999272,-157.71999999999935,0.2519455252918288,3005751.565649805,1119375.0157976656
bd8f847e,4961,24.520000000000437,7.039999999999054,-217.02999999999884,0.19854867970167306,2946328.7234287444,1011723.6018060874
be063506,4500,16.4900000000016,-2.4900000000016007,181.32999999999993,0.25,3001170.257117778,1106526.5152777778
be35c8f2,4226,17.43000000000211,-11.450000000000728,140.0699999999997,0.375769048745859,3014441.0969995274,1097816.5446474208
be83e781,3221,15.639999999999418,10.05999999999949,-119.25,0.5209562247749147,2905970.748168271,1025022.4446072648
beda8696,5912,48.94999999999891,-28.159999999999854,106.02000000000044,0.5267253044654939,2884451.2493318673,1026143.6552486469
bf39bc20,3303,33.82000000000153,-16.06000000000131,-57.1200000000008,0.6164093248561914,2914565.354444444,1039468.7191704512
bf70b410,6347,48.17999999999847,-45.539999999999054,147.23999999999978,0.41988340948479597,2883766.587028518,1025323.3673010871
bffe3082,5723,37.81999999999789,31.61999999999898,-182.86000000000058,0.3110256858291106,2995739.586005592,1096922.2934894285
c03b9305,4255,22.1200000000008,19.600000000002183,178.8099999999995,0.5163337250293772,2937141.762547591,1072429.4731445357
c03d4aed,4641,28.69000000000051,-1.1299999999991996,-173.5599999999995,0.18444300797241975,2947883.725468649,1011577.0714048697
c03fba65,3699,35.090000000000146,-34.79999999999927,138.9399999999987,0.5114895917815626,2959588.3951689643,1092501.671870776
c07fd0cd,4191,14.980000000001382,4.389999999999418,-131.10999999999876,0.48484848484848486,3023502.894030065,1084604.863987115
c1708b88,6315,37.97999999999956,0.010000000000218279,-281.53000000000065,0.6406967537608868,2982352.1604038007,1082277.550733175
c1d046f4,5513,21.3700000000008,-8.880000000001019,-175.9300000000003,0.014511155450752766,3002680.5923707597,1112693.0943170686
c2717d4f,4721,21.459999999999127,9.819999999999709,156.01000000000022,0.03240838805337852,3006003.5576721034,1114076.8219783944
c2c4db09,6039,28.910000000001673,2.9799999999995634,-324.10000000000036,0.23381354528895512,2997128.761791687,1111015.250168902
c2c6fc71,7119,24.229999999999563,8.93999999999869,-204.79999999999927,0.3833403567916842,3007351.083220958,1086631.508032027
c36625df,4742,20.3700000000008,-19.56999999999971,191.40999999999985,0.7692956558414171,3007572.3830008437,1113992.369852383
c3957531,5316,45.6100000000024,-2.889999999999418,101.86000000000058,0.03781038374717833,3019471.1508069974,1090867.3298589166
c42fe306,5095,30.709999999999127,24.75,153.22000000000116,0.5952894995093229,2897172.165980373,1027715.3575171735
c43812e2,5527,21.390000000001237,-12.430000000000291,239.78000000000065,0.6205898317351185,2982975.845514746,1056670.222209155
c472c0b5,3054,14.3700000000008,11.360000000002401,169.71999999999935,0.031106745252128355,2996644.550537001,1130068.0778388998
c47e0767,4356,31.729999999999563,30.889999999999418,108.72999999999956,0.14830119375573922,3007822.321356749,1095289.89380854
c50b42f6,6014,29.94000000000051,14.220000000001164,-135.17000000000007,0.18407050216162288,2892526.751298636,1022962.588556701
c593337f,5208,48.349999999998545,-37.19000000000051,187.04000000000087,0.30913978494623656,2994749.325257296,1074478.5161175115
c59b6c4a,5499,40.909999999999854,-40.909999999999854,140.54000000000087,0.149118021458447,2885146.007277687,1027100.8796362975
c66be2b8,4154,48.149999999999636,-28.360000000000582,181.29000000000087,0.29537794896485314,2995369.4194848337,1118249.6135724601
c6797dd7,4664,22.019999999998618,-7.300000000001091,-110.96000000000095,0.149442538593482,3010225.7635313035,1101560.232448542
c6b782a4,4877,25.18000000000029,-3.7999999999992724,201.67000000000007,0.2731187205249129,2933590.9607197046,1058106.1038753332
c6c96179,4004,18.709999999999127,6.809999999999491,-133.8099999999995,0.3821178821178821,2910853.8215284715,1036747.3326873126
c70c0e01,4312,26.920000000000073,-15.5,-169.82999999999993,0.7003710575139147,3003909.606846011,1069733.9436108535
c84c65be,8496,37.029999999998836,-4.450000000000728,310.1299999999992,0.4393832391713748,2873453.466730226,1046718.6214795198
c8d9680c,6281,63.590000000000146,32.969999999999345,236.09000000000015,0.38560738735870087,2994422.4290033435,1118660.9873173062
c908edd0,5293,31.780000000000655,-19.0,147.28000000000065,0.048365766106177974,3008276.950066125,1120298.747959569
c9578d27,4487,35.57999999999993,-8.220000000001164,183.5599999999995,0.5741029641185648,2904152.7342522843,1034198.8665121462
c96c018a,6236,24.200000000000728,6.680000000000291,-230.04999999999927,0.07456703014753047,3002310.8297498394,1112744.7558755612
c99f9fae,6361,27.06999999999971,-26.200000000000728,-275.60000000000036,0.038201540638264427,3020018.7541723,1110713.5881339412
c9e6734f,4735,32.42000000000007,8.890000000001237,-54.86000000000058,0.05237592397043295,2942706.164739176,1056098.373402323
c9e980e8,4359,15.739999999999782,-13.610000000000582,-156.72999999999956,0.14888735948612067,3007914.3025533385,1113179.0750768525
c9fedcf3,3517,15.3700000000008,8.860000000000582,-106.82999999999993,0.06056297981234006,2990137.86972704,1067924.6725789024
cad13e8f,4848,24.530000000002474,-21.75,-105.07999999999993,0.04785478547854786,3036597.7719265674,1092924.705829208
cb34231f,5609,17.889999999999418,1.7200000000011642,-139.63999999999942,0.10714922446068818,3037074.1517828493,1092945.6597129614
cb879f40,6315,28.1200000000008,-12.049999999999272,264.4800000000014,0.3805225653206651,2994269.541969913,1118516.7445843231
cbb406b5,6328,30.94999999999891,1.7900000000008731,203.29000000000087,0.5109039190897599,3005865.614268331,1126630.0083154237
cbe51de1,3963,30.090000000000146,4.779999999998836,-183.84000000000015,0.0464294726217512,3012592.151892506,1112588.8575044158
cbe62450,6258,40.51000000000204,-9.960000000000946,251.97000000000116,0.38031319910514544,2994617.5330520933,1118684.4585442634
cc08aa63,3274,21.600000000000364,8.180000000000291,107.86000000000058,0.47251069028711057,2911143.305589493,1043630.7085552841
cc8a1d57,6638,38.8700000000008,-3.110000000000582,197.92000000000007,0.17414884001205183,2923423.9727327507,1019806.2066556191
ccedb12b,4401,35.77000000000044,-16.920000000000073,150.91000000000167,0.45557827766416725,3021194.4238968417,1085240.8907566462
cd7f1687,4232,18.80999999999949,3.139999999999418,167.42000000000007,0.7001417769376181,2988422.9622211717,1092200.749584121
cda7eb37,5973,31.909999999999854,-4.710000000000946,167.07999999999993,0.17361459902896367,2921564.110577599,1019403.5061811485
cdc31d65,4840,27.019999999998618,-9.979999999999563,-123.82999999999993,0.4493801652892562,3009889.0447355374,1088735.601981405
cdc60a53,5878,30.69000000000051,10.970000000001164,200.77999999999884,0.5529091527730521,2905106.2390762162,1037918.6154474312
ce55ba43,4104,25.710000000000946,14.199999999998909,127.23999999999978,0.6410818713450293,2989758.2465838203,1104673.5398050684
ce8399b7,1615,8.109999999998763,-5.019999999998618,-72.28999999999905,0.03715170278637771,2938413.8634241484,1061599.3366006191
cf50c9d1,4858,44.42000000000007,-44.400000000001455,224.65999999999985,0.161177439275422,2932789.9490613425,1057424.5955372583
d00e7eb9,5704,16.57999999999811,-7.850000000000364,-181.21000000000095,0.48685133239831696,2892663.6793443197,1031476.6252769986
d011f41b,2267,21.899999999997817,-5.929999999998472,-70.82999999999993,0.044993383325981476,2973411.3079841197,1094411.2694794883
d07aed8f,2957,9.569999999999709,3.7999999999992724,-35.590000000000146,0.33040243490023674,3023287.349604329,1092126.502979371
d085e611,6191,36.44000000000051,-12.0,-235.71999999999935,0.4811823614924891,2995914.0611549024,1118134.533621386
d0a0e7b5,3816,17.98999999999978,15.920000000000073,95.21999999999935,0.1391509433962264,2990612.6966561847,1118137.3859355347
d0a43760,4041,10.890000000001237,0.42999999999847205,-25.850000000000364,0.012620638455827766,2943738.5968275177,1057513.6440781984
d0cb63ae,5223,42.20000000000073,0.0,352.72999999999956,0.36358414704192993,3005657.734836301,1138782.6250335057
d114d9c2,6206,23.80999999999949,-7.5,110.55999999999949,0.4666451820818563,2882111.253166291,1024057.3536738639
d1457cc5,6920,26.269999999998618,5.200000000000728,150.38000000000102,0.2878612716763006,2867301.02416474,1028345.083348266
d1ecf309,6168,26.44999999999891,15.369999999998981,186.3700000000008,0.5358300907911803,3005024.5535019455,1126781.520914397
d1ee630d,6290,19.19999999999891,9.0,-300.65999999999985,0.4271860095389507,2996031.5737344995,1110687.9386359302
d217e0c5,3838,17.919999999998254,9.909999999999854,-136.65999999999985,0.1321000521104742,2993730.6553178737,1092623.3119671703
d24ff243,5641,16.030000000000655,1.0,-98.6299999999992,0.2636057436624712,2902376.5241606096,1022748.5983017196
d273674e,3899,18.68000000000029,11.670000000000073,96.17000000000007,0.20671967171069505,3012527.419446012,1102987.302074891
d2f3b1ab,5581,47.81999999999971,-15.630000000001019,-169.64999999999964,0.23884608493101595,2908776.4537645583,1029255.939288658
d3df146b,5787,27.649999999999636,25.639999999999418,-168.86000000000058,0.29428028339381374,3027326.8132210127,1117910.458133748
d40f61d5,4039,17.269999999998618,1.3999999999996362,-117.71999999999935,0.15424610051993068,2911427.2460460514,1037442.6871849467
d41beaf2,4753,32.72999999999956,-15.570000000001528,203.6900000000005,0.2852934988428361,2933008.8248411533,1057707.1213907006
d463e527,4767,31.590000000000146,-2.1200000000008004,159.1800000000003,0.05747849800713237,3024679.0411181035,1112499.8781015314
d4f60a28,4501,18.779999999998836,-1.0499999999992724,-153.4399999999987,0.37325038880248834,3023081.6225172183,1084597.8788935794
d50c649a,4873,18.5,3.219999999999345,228.47999999999956,0.33182844243792325,3004816.5786948493,1107931.90062795
d543916f,4799,27.710000000000946,6.789999999999054,-162.3199999999997,0.5219837466138779,2992723.346070015,1116684.8804230047
d5df0ff5,4032,24.780000000000655,-22.829999999999927,178.4400000000005,0.03521825396825397,3016327.214605655,1117598.282862103
d60430e6,2511,19.389999999999418,0.7900000000008731,84.10000000000036,0.4054161688570291,2993107.008689765,1116603.5576423737
d63196fe,4510,32.58999999999833,-31.539999999999054,150.23000000000138,0.18070953436807094,2924405.539833703,1022059.5127073169
d6c320d9,5452,19.920000000000073,17.700000000000728,-174.1200000000008,0.036867204695524576,2909839.021502201,1030252.7494570799
d6dd7330,6193,36.95000000000073,-3.7299999999977445,166.4400000000005,0.06830292265461005,3006125.326134345,1101413.1254706928
d7ba4f9d,6023,15.229999999999563,-9.1299999999992,-234.10000000000036,0.3270795284741823,3007870.513924954,1069124.9017864852
d7eb0be8,5401,56.31999999999971,-3.4200000000000728,66.09000000000015,0.04813923347528235,3033786.978816886,1091544.9611516385
d84b621b,3994,27.06999999999971,-15.030000000000655,127.18000000000029,0.32073109664496746,2902447.945403104,1030161.769929895
d90aa14c,10018,48.81999999999971,-24.850000000000364,321.9500000000007,0.3864044719504891,2886203.8808704335,1038675.8240067877
d924e971,3184,68.81000000000131,68.8700000000008,109.51000000000022,0.06469849246231156,3006229.529177136,1108293.8904836683
d9ae59b2,3648,13.420000000000073,-3.710000000000946,-157.38999999999942,0.43146929824561403,3012392.394492873,1121127.132247807
d9d6d94d,4919,32.5,-2.349999999998545,153.34000000000015,0.16243138849359626,3020058.6474527344,1084650.397212848
d9eca87b,6373,83.01000000000022,-83.03000000000065,179.77999999999884,0.5873215126314137,2884217.127773419,1025629.3397301114
da2d4d7c,2114,11.969999999999345,1.0799999999999272,-64.19000000000051,0.32024597918637654,3000273.2822563862,1087672.4950331126
da3bfe4e,5549,47.98000000000138,-31.350000000000364,-93.67000000000007,0.5846098396107406,2891774.1893205983,1021920.0600991169
da3cf798,5844,25.639999999999418,17.659999999998035,237.64999999999964,0.5174537987679672,2932914.622284394,1067622.2695927448
da940160,5132,19.909999999999854,11.619999999998981,111.98999999999978,0.37587685113016367,3007087.685656664,1120069.5587529228
dafc88c3,5572,20.73999999999978,10.8799999999992,-107.14000000000124,0.04971284996410624,2901174.0796949035,1021470.575500718
dbee6c86,7369,18.590000000000146,0.039999999999054126,231.51000000000022,0.05061745148595467,3007868.228006514,1079021.905844755
dc5fbe29,5203,28.889999999999418,-8.970000000001164,-141.7599999999984,0.36863348068422064,2924426.0189640587,1020343.5268498944
dc7da28f,4774,26.43000000000029,20.219999999999345,-107.06999999999971,0.0611646418098031,2893607.1511855884,1024767.6909321324
dc7f9757,4360,18.450000000000728,-15.200000000000728,124.06999999999971,0.5995412844036697,3003859.52766055,1126413.0029678901
dd168de0,3304,14.840000000000146,7.270000000000437,140.8100000000013,0.0847457627118644,2924802.8722851085,1061877.9512409202
dd64382d,3124,15.649999999999636,14.450000000000728,122.71999999999935,0.6264404609475032,2952035.3516101153,1085538.7359218951
dd6bc5b2,3602,25.1200000000008,13.630000000001019,-131.57999999999993,0.11910049972237646,2976442.9317878955,1093746.0438617435
dd7d638e,4301,22.700000000000728,13.510000000000218,123.59000000000015,0.3717740060451058,2911589.6748244595,1044602.3051801906
ddc790ff,4726,15.159999999999854,-9.529999999998836,136.25,0.41345746931866273,3010515.1964705884,1120158.7942488363
df71d1ff,6228,38.399999999999636,1.860000000000582,-281.40999999999985,0.5716120745022479,2887211.6328853564,1017616.2592469493
df73b8f3,5311,45.51999999999862,-28.11999999999898,-214.6800000000003,0.6558086989267558,3004256.769738279,1068394.6571229522
df8290be,3972,38.69000000000051,16.170000000000073,124.69000000000051,0.6382175226586103,2908145.506986405,1041894.1837613293
e0079ed1,3471,20.980000000001382,-3.8000000000010914,-138.85000000000036,0.3197925669835782,2958102.260417747,1083012.814485739
e03b45fd,5342,75.76000000000022,-40.85999999999876,303.6899999999987,0.44646199925121677,2947634.650894796,1018312.5006982405
e0f36d98,4976,29.209999999999127,16.06000000000131,-138.82999999999993,0.49356913183279744,2989375.0658038585,1097678.7075643088
e149204f,6097,16.799999999999272,-0.010000000000218279,-227.1200000000008,0.5999671969821223,2888093.2864474333,1018389.3920600294
e14d641e,3184,19.649999999999636,-8.430000000000291,109.28000000000065,0.6557788944723618,2908906.1498680906,1042113.7996451006
e161bd0c,2949,18.290000000000873,11.510000000000218,-92.13999999999942,0.5395049169209901,3005005.927636487,1087869.8505561207
e201fd6d,5070,40.529999999998836,5.009999999998399,165.3099999999995,0.27593688362919133,3023321.942122288,1096791.5817238658
e25f1537,3177,30.7400000000016,-21.530000000000655,173.9400000000005,0.24394082467736858,2940392.051945231,1075873.8997954044
e2fc7745,3692,34.68000000000029,1.6199999999989814,132.8199999999997,0.06256771397616467,3013900.2144745397,1117188.1572724811
e32da4ec,4689,32.80999999999767,28.43999999999869,120.77000000000044,0.34250373213904883,3011227.8999168263,1119156.6716421412
e3b34f5b,5455,30.230000000001382,-10.100000000000364,-169.42000000000007,0.27296058661778183,2952408.8534042165,1076378.0839743353
e45a2a62,5007,47.960000000000946,3.5900000000001455,171.3099999999995,0.6425004993009786,2903472.5521010584,1033917.6023427203
e46f4ef4,7195,22.109999999998763,-11.799999999999272,-116.6299999999992,0.3879082696316887,3018468.1980583738,1090865.6676219597
e4726608,4733,23.590000000001965,9.380000000001019,143.95000000000073,0.3545320092964293,3011391.3410057044,1118921.8246418762
e5864244,4469,52.95999999999913,53.0099999999984,-196.03999999999905,0.36294473036473485,3022809.928169613,1084923.3126784516
e5c92e59,4295,26.979999999999563,-7.420000000000073,205.57999999999993,0.38556461001164144,3019443.425492433,1107380.735701979
e5ff9fd2,2354,16.529999999998836,3.210000000000946,65.96999999999935,0.5951571792693288,2978997.2957604076,1059162.0378589635
e6c55748,4472,30.01000000000022,8.069999999999709,-134.26999999999862,0.13416815742397137,2908711.7483497313,1031998.2099329159
e730c32b,4728,20.0,13.209999999999127,165.20000000000073,0.6298646362098139,3009958.092335026,1114212.1178807106
e737965a,5955,30.399999999999636,-14.959999999999127,201.1200000000008,0.6228379513014274,2897416.6546817794,1028545.3894374475
e748dd88,4812,19.399999999999636,-12.55999999999949,-94.67000000000007,0.03428927680798005,3011411.90652951,1101833.377015794
e7818f7a,5371,24.399999999999636,9.1299999999992,-265.15999999999985,0.2850493390430088,3013106.807097375,1121670.845648855
e7c36e81,3531,21.579999999999927,-7.429999999998472,122.51000000000022,0.6374964599263665,2916307.509988672,1047977.114670065
e7d0c1de,4711,17.070000000001528,-14.430000000000291,-157.42000000000007,0.03672256421142008,3006400.049702823,1113223.6628274252
e85074c5,5675,17.0099999999984,5.390000000001237,-106.44000000000051,0.4437004405286344,2920865.315598238,1043029.8511541849
e97032ad,3530,16.36999999999898,7.969999999999345,112.90999999999985,0.5464589235127478,2916231.4742096313,1047899.2334447593
e9949a23,4559,48.68999999999869,23.340000000000146,111.05999999999949,0.40930028515025224,2920131.008912042,1017130.7019083132
ea0b99b7,9239,27.589999999998327,13.0,-317.1700000000001,0.5112025110942743,2993563.6207219395,1066862.323629181
ea3a0e38,10052,33.4900000000016,-13.719999999999345,-228.20999999999913,0.5691404695582969,2961400.4555023876,1075699.246448468
ea41324e,5025,20.539999999999054,-5.420000000000073,-158.73999999999978,0.3434825870646766,3003812.4513751245,1113135.4082686566
eabc711b,5348,37.1399999999976,14.269999999998618,107.25,0.43324607329842935,2998765.036553852,1099103.3899682125
eac10e86,6067,17.600000000000364,0.13000000000101863,-117.40000000000146,0.2685017306741388,2892215.5647074333,1022702.1971501567
eafb863e,3568,36.409999999999854,36.43000000000029,48.01000000000022,0.33548206278026904,2915053.2475868836,1041703.527528027
eb06a4e7,4535,30.459999999999127,-13.090000000000146,154.67000000000007,0.033958103638368244,3006217.333567806,1114136.474434399
eb640a35,6037,31.019999999998618,0.6700000000000728,-231.90999999999985,0.5042239522941858,2994005.677667716,1117561.5808000665
eb934281,5971,10.1299999999992,-4.820000000001528,152.11999999999898,0.17300284709428906,2986900.754185228,1069041.9634064646
eba6605e,4410,26.599999999998545,25.3700000000008,-85.60000000000036,0.22630385487528346,2905061.477301588,1019347.7882902495
ebe69318,4976,18.23999999999978,7.459999999999127,-116.26000000000022,0.23512861736334406,2902938.0111073153,1023664.031834807
ec0d597b,4616,44.279999999998836,-9.289999999999054,-95.85000000000036,0.06737435008665511,2894821.9980480936,1026023.6060745233
ec13af42,5462,29.609999999998763,-5.649999999999636,-121.96000000000095,0.5510801904064445,3009930.330728671,1088306.96222446
ecdab904,6147,30.43000000000029,21.579999999999927,220.78999999999905,0.07027818448023426,2980428.756198145,1056301.1190125265
ecdaf714,6592,31.860000000000582,21.390000000001237,240.57999999999993,0.043234223300970875,2920400.8187424154,1058440.2806841626
ed6436d6,2945,5.329999999999927,1.3999999999996362,80.43000000000029,0.03395585738539898,3000767.302757215,1088656.592696095
ed6e6e54,6048,43.06000000000131,0.4099999999998545,175.78999999999905,0.08349867724867725,3006432.7551984126,1101607.6923164683
edf885a3,3117,24.860000000000582,-3.0799999999999272,95.34000000000015,0.1206288097529676,3007278.3611774137,1085590.2352197627
ee0300f7,4544,36.55999999999767,34.960000000000946,-114.73000000000138,0.3686179577464789,3018024.085724032,1089227.8668860036
ee288beb,4638,59.75,45.659999999999854,-166.1900000000005,0.32621819749892195,2995840.2734174216,1124170.197119448
ee4aecac,5265,20.420000000000073,20.43999999999869,-207.60000000000036,0.17834757834757833,2973520.338374169,1063129.0673295346
eeda36f5,4797,13.200000000000728,-4.619999999998981,-178.11000000000058,0.03731498853450073,2947180.7445549304,1011644.249351678
eeed308d,3899,22.409999999999854,9.69000000000051,-138.52000000000044,0.565016670941267,2909638.43598615,1032531.9803693255
ef04658e,4104,29.23999999999978,18.409999999999854,139.07999999999993,0.1695906432748538,2939259.476491228,1067012.6218055557
ef8e3ed0,5224,32.8799999999992,-15.510000000000218,156.59000000000015,0.4971286370597244,2987731.1103828484,1069287.0210164627
efde6ac3,4559,26.719999999997526,-18.840000000001965,-165.07000000000153,0.4073261680193025,2995639.2254397892,1118901.3083132266
efe96181,4012,30.360000000000582,-26.980000000001382,-147.84999999999854,0.1719840478564307,2941147.864710868,1062604.0151545363
f0188a48,4170,27.890000000001237,5.170000000000073,-227.34000000000015,0.01342925659472422,2983161.298352518,1081750.7337458034
f021b650,3739,12.3799999999992,0.9499999999989086,185.78000000000065,0.3944905054827494,2985676.2320968173,1054306.3881064455
f03f10fe,4145,24.769999999998618,-5.960000000000946,-102.43000000000029,0.2287092882991556,2911628.0478624846,1037718.7281278649
f053a1b9,4108,21.470000000001164,-12.670000000000073,125.14999999999964,0.23369036027263876,3010125.6250073025,1096231.3294011685
f074d277,2453,24.030000000000655,12.0,101.45000000000073,0.27435792906644924,3020766.5497961678,1107884.172759886
f07d7037,5563,16.3799999999992,15.299999999999272,128.8700000000008,0.043321948588890886,2986711.625942837,1069196.2278374976
f08774c3,3900,36.72999999999956,22.229999999999563,141.4400000000005,0.0758974358974359,2918287.8633871796,1015644.0963512821
f140c2fa,4082,22.670000000000073,-21.890000000001237,153.42000000000007,0.21362077413032826,2920053.7312371386,1016006.1113743263
f16e25e3,4651,11.860000000000582,-0.010000000000218279,134.53999999999905,0.44356052461836165,2989569.426783487,1123764.7330488067
f2d4c8c9,6249,15.409999999999854,-1.7099999999991269,151.22000000000116,0.5621699471915507,2882921.6327044326,1024707.8428836614
f321a31c,5141,35.19000000000051,-18.589999999998327,-187.32999999999993,0.039291966543474034,3007177.5314841466,1069163.4580237307
f40cd091,5166,26.3700000000008,2.9400000000005093,217.84000000000015,0.6624080526519551,2998621.2260065814,1105197.434949671
f439a621,2821,23.55999999999949,-11.640000000001237,173.0699999999997,0.4984048209854661,2926669.441864587,1057718.774264445
f49fdea3,5391,17.179999999998472,13.170000000000073,229.11000000000058,0.05639028009645706,2989401.0427378966,1060478.9027694305
f4d12d23,3701,24.61999999999898,-13.430000000000291,86.23999999999978,0.28776006484733857,2915959.8257281817,1042408.0449310998
f56d3ace,5432,17.8799999999992,8.579999999999927,-174.9400000000005,0.3959867452135493,3003242.565125184,1113018.9679768041
f5859199,5790,26.94999999999891,-1.2000000000007276,294.97000000000116,0.6721934369602763,2987044.406006908,1055801.1870207256
f5d8aab6,4444,24.139999999999418,-13.859999999998763,175.91000000000167,0.15864086408640865,3006477.3392709275,1132888.4137781279
f631da6e,4093,20.359999999998763,0.1000000000003638,156.96000000000095,0.5665770828243343,2983354.683498656,1110255.1137674076
f6824bb0,5015,37.43999999999869,-25.700000000000728,208.22999999999956,0.15154536390827517,2904925.799976072,1040257.4546021934
f6bc699b,3752,29.079999999999927,12.760000000000218,-137.38999999999942,0.3382196162046908,2953943.9234621534,1072852.8392004266
f6d009f4,6715,84.47999999999956,83.72999999999774,384.09000000000015,0.3231571109456441,3007308.0983737903,1138955.0911049887
f72b268f,6404,32.82999999999993,18.280000000000655,-236.75,0.046845721424109935,3004277.0487585883,1132020.9179153654
f8662c22,5429,26.88000000000102,7.020000000000437,-188.8099999999995,0.5074599373733653,2974086.024905139,1063551.508349604
f88ddb26,4990,78.59000000000015,-41.06999999999971,-54.710000000000946,0.03727454909819639,2985640.007362725,1061262.0819218436
f8afa78a,6032,25.710000000000946,25.43999999999869,-226.48999999999978,0.4923740053050398,2888980.7427287796,1019277.3904840848
f8f59188,4807,17.770000000000437,-1.6299999999991996,162.14999999999964,0.6432286249219887,3006469.008306636,1125988.6410879968
f9fc81aa,5598,31.109999999998763,-10.339999999998327,-175.82999999999993,0.06555912826009289,2908269.9909878527,1028786.4081118256
fa16d114,5686,40.95999999999913,-13.989999999999782,-139.38999999999942,0.5116074569117129,2890986.7679282445,1021170.418459374
fa31da94,5027,17.3700000000008,-1.5599999999994907,-243.10000000000036,0.695046747563159,3015653.774684702,1111393.507793913
fa667be2,7296,23.469999999999345,-23.44999999999891,253.85000000000036,0.12541118421052633,3008481.371462445,1079335.2628741777
fae0c593,4403,31.829999999999927,-5.649999999999636,186.28000000000065,0.03202362025891438,2993667.281094708,1124915.7881126504
fb03ae90,6431,50.76000000000022,-34.81000000000131,149.5,0.16902503498678276,2887706.522529933,1011601.8873860987
fb0904bd,3181,5.0900000000001455,-0.10999999999876309,128.26000000000022,0.5422823011631562,2959004.0324143353,1085526.603646652
fb3848a1,5919,22.3700000000008,9.329999999999927,188.88000000000102,0.6058455820239905,2897954.705566819,1029003.8399442474
fb73b13a,5640,31.019999999998618,10.699999999998909,402.3600000000006,0.4015957446808511,3006868.1024361704,1139249.1110159575
fba7683c,407,9.94000000000051,5.8400000000001455,1.9799999999995634,0.0171990171990172,3005981.165528255,1098894.2706388205
fbd68d27,6829,38.94999999999891,-19.539999999999054,-207.1800000000003,0.2525992092546493,2910689.0254663937,1035583.8741924147
fc03f21f,4803,27.909999999999854,-27.86999999999898,227.53000000000065,0.07287112221528212,3002653.1047657714,1106963.344032896
fc0d20b2,3954,23.730000000001382,-21.530000000000655,196.15000000000146,0.47774405665149217,2932535.209802732,1068593.5008017197
fcfcc902,2791,17.640000000001237,-16.18000000000029,-47.539999999999054,0.04693658187029739,2984353.221895378,1090743.1805051952
fd3b4faa,5022,22.220000000001164,7.260000000000218,168.29999999999927,0.5503783353245719,3006965.139601752,1126102.781194743
fd710aea,4217,15.94000000000051,4.510000000000218,99.77999999999884,0.25752904908702867,3008514.610379417,1095573.7128788237
fd8f77fa,5272,41.79999999999927,10.469999999999345,-195.61999999999898,0.5058801213960546,3004186.6305140364,1113468.183841047
fde20ecf,4667,24.31000000000131,21.970000000001164,-123.07999999999993,0.2989072209127919,3023352.9158195844,1117357.3232976217
fdfd57da,5236,15.329999999999927,2.899999999997817,-196.11000000000058,0.5544308632543926,3001924.8184415586,1112263.4148777693
febb4411,4247,31.770000000000437,-7.989999999997963,-116.18000000000029,0.035083588415352016,3023409.2045608666,1085018.304909348
fef8af96,3826,88.76000000000022,-87.85999999999876,-69.42000000000007,0.34892838473601673,2932314.607637219,1054906.0785650809
ff0aea78,3261,39.43000000000029,22.06999999999971,66.21999999999935,0.4563017479300828,2983798.441438209,1071894.8884115303
ff8bb73a,5927,43.79000000000087,0.17999999999847205,276.1799999999985,0.05230302007761093,2937510.004116754,1062285.7086991733
ffefef30,4570,21.68999999999869,-9.300000000001091,-161.76000000000022,0.28687089715536107,2945658.6434245077,1011500.9058818379
