model,well,n,sse,rmse,fold
panel_direct_geom_a1000,0dd99dc5,7342,550781.7264697182,8.661289828705016,2
panel_direct_raw_gr_a1000,0dd99dc5,7342,555827.7369423485,8.700874760269286,2
panel_direct_phase_a100,0dd99dc5,7342,704320.3719941701,9.7944022226871,2
panel_direct_phase_a1000,0dd99dc5,7342,594930.3341283199,9.00172759629126,2
panel_direct_phase_a10000,0dd99dc5,7342,517460.49444729346,8.395207010070443,2
panel_direct_geom_a1000,42c538a1,3279,2171403.550463732,25.733541778193988,2
panel_direct_raw_gr_a1000,42c538a1,3279,2161252.7845594203,25.673322397768153,2
panel_direct_phase_a100,42c538a1,3279,1979939.5226664704,24.572834413537187,2
panel_direct_phase_a1000,42c538a1,3279,2014377.0165360474,24.7856133475397,2
panel_direct_phase_a10000,42c538a1,3279,2218419.163372778,26.010643441470926,2
panel_direct_geom_a1000,ee288beb,4638,3258198.0712362546,26.50472905331786,2
panel_direct_raw_gr_a1000,ee288beb,4638,3237202.414426647,26.419193494749855,2
panel_direct_phase_a100,ee288beb,4638,2694641.8494468564,24.103779902182257,2
panel_direct_phase_a1000,ee288beb,4638,2924444.714935939,25.110556386312357,2
panel_direct_phase_a10000,ee288beb,4638,3355327.7100586058,26.896892028426493,2
panel_direct_geom_a1000,7d50373e,5122,1117499.7321552653,14.770796906876976,2
panel_direct_raw_gr_a1000,7d50373e,5122,1114597.0709299375,14.751601154201504,2
panel_direct_phase_a100,7d50373e,5122,817391.3316676553,12.63267219583528,2
panel_direct_phase_a1000,7d50373e,5122,1089618.2979032462,14.585368524342194,2
panel_direct_phase_a10000,7d50373e,5122,1072201.4883525216,14.468330334000283,2
panel_direct_geom_a1000,cad13e8f,4848,1486194.1430433725,17.50880343777032,2
panel_direct_raw_gr_a1000,cad13e8f,4848,1485710.2860210058,17.505953054063227,2
panel_direct_phase_a100,cad13e8f,4848,1201954.2570729922,15.745725080387228,2
panel_direct_phase_a1000,cad13e8f,4848,1505361.409906887,17.621346202191624,2
panel_direct_phase_a10000,cad13e8f,4848,1450262.3335051788,17.295852709176753,2
panel_direct_geom_a1000,ab112491,5185,4320807.358095426,28.867426688990623,2
panel_direct_raw_gr_a1000,ab112491,5185,4311090.227104047,28.834948215539995,2
panel_direct_phase_a100,ab112491,5185,4269199.311585303,28.694511457238402,2
panel_direct_phase_a1000,ab112491,5185,4418410.727175991,29.191651252206867,2
panel_direct_phase_a10000,ab112491,5185,4215430.827975085,28.513242209320634,2
panel_direct_geom_a1000,dc5fbe29,5203,349701.06440965814,8.19825767281177,2
panel_direct_raw_gr_a1000,dc5fbe29,5203,346401.43120466906,8.159488335379194,2
panel_direct_phase_a100,dc5fbe29,5203,228757.4869201267,6.630720861477022,2
panel_direct_phase_a1000,dc5fbe29,5203,335042.9095473612,8.02459832462931,2
panel_direct_phase_a10000,dc5fbe29,5203,335643.15290189476,8.031783309410695,2
panel_direct_geom_a1000,a247e7cf,5674,118379.11242702894,4.567650585301966,2
panel_direct_raw_gr_a1000,a247e7cf,5674,118931.66727759592,4.578298321758484,2
panel_direct_phase_a100,a247e7cf,5674,67172.13094017214,3.4407244787029168,2
panel_direct_phase_a1000,a247e7cf,5674,97338.4019627288,4.14187931396489,2
panel_direct_phase_a10000,a247e7cf,5674,100291.57124631981,4.2042405042456386,2
panel_direct_geom_a1000,1590af81,3799,141117.77727447945,6.094754502782844,2
panel_direct_raw_gr_a1000,1590af81,3799,141130.48180434096,6.095028845425623,2
panel_direct_phase_a100,1590af81,3799,168334.85901442627,6.6565988099293865,2
panel_direct_phase_a1000,1590af81,3799,156526.65348223582,6.418883645141471,2
panel_direct_phase_a10000,1590af81,3799,126444.99232071161,5.769207645987403,2
panel_direct_geom_a1000,c2717d4f,4721,426078.743749316,9.500094691211558,2
panel_direct_raw_gr_a1000,c2717d4f,4721,421150.69773209095,9.4449956459481,2
panel_direct_phase_a100,c2717d4f,4721,674393.0214949887,11.95197107957212,2
panel_direct_phase_a1000,c2717d4f,4721,452638.72709647415,9.791717026396933,2
panel_direct_phase_a10000,c2717d4f,4721,361149.78644362,8.746346547996174,2
panel_direct_geom_a1000,9d4272e3,4030,1402922.0250335706,18.657963693540395,2
panel_direct_raw_gr_a1000,9d4272e3,4030,1405195.7389911057,18.673077041592983,2
panel_direct_phase_a100,9d4272e3,4030,1339085.2103642412,18.228527327436712,2
panel_direct_phase_a1000,9d4272e3,4030,1435346.8744339063,18.872346900346653,2
panel_direct_phase_a10000,9d4272e3,4030,1326997.5476003252,18.146068127460367,2
panel_direct_geom_a1000,122bd617,4570,665469.1083980507,12.067181640084945,2
panel_direct_raw_gr_a1000,122bd617,4570,664172.5033187552,12.055420013872904,2
panel_direct_phase_a100,122bd617,4570,542712.3484070431,10.897496835888196,2
panel_direct_phase_a1000,122bd617,4570,660726.2689166641,12.024102971920923,2
panel_direct_phase_a10000,122bd617,4570,640407.3308932928,11.837774079726564,2
panel_direct_geom_a1000,57796579,5890,1082596.3160636136,13.55737550453892,2
panel_direct_raw_gr_a1000,57796579,5890,1085442.5750809505,13.575185685560434,2
panel_direct_phase_a100,57796579,5890,1213763.2445148595,14.355203173481335,2
panel_direct_phase_a1000,57796579,5890,1122793.6678342975,13.806777621554286,2
panel_direct_phase_a10000,57796579,5890,1008766.5066257046,13.086926994934593,2
panel_direct_geom_a1000,cbe62450,6258,2417002.136830897,19.652632715439278,2
panel_direct_raw_gr_a1000,cbe62450,6258,2420671.501809311,19.667544852350666,2
panel_direct_phase_a100,cbe62450,6258,2741291.3743594754,20.92954660565977,2
panel_direct_phase_a1000,cbe62450,6258,2462019.6730649597,19.834807048216383,2
panel_direct_phase_a10000,cbe62450,6258,2243177.392488629,18.932764387483676,2
panel_direct_geom_a1000,877ed19c,3708,94529.44773166167,5.049096807193272,2
panel_direct_raw_gr_a1000,877ed19c,3708,94635.92196020414,5.051939558330635,2
panel_direct_phase_a100,877ed19c,3708,182964.48629090856,7.024469604006617,2
panel_direct_phase_a1000,877ed19c,3708,95446.83788723996,5.073537909263257,2
panel_direct_phase_a10000,877ed19c,3708,65338.50603132573,4.197732282927028,2
panel_direct_geom_a1000,543198e8,6503,2895423.0013217996,21.100810297004926,2
panel_direct_raw_gr_a1000,543198e8,6503,2908820.3592578964,21.149571540046036,2
panel_direct_phase_a100,543198e8,6503,2844910.815243618,20.915943073387346,2
panel_direct_phase_a1000,543198e8,6503,2794358.952861991,20.729280085845716,2
panel_direct_phase_a10000,543198e8,6503,2765248.3660532543,20.621022456004834,2
panel_direct_geom_a1000,e97032ad,3530,568478.2773735162,12.690232658295749,2
panel_direct_raw_gr_a1000,e97032ad,3530,590738.2900325919,12.936303858379139,2
panel_direct_phase_a100,e97032ad,3530,293727.89778574766,9.121898716820338,2
panel_direct_phase_a1000,e97032ad,3530,613177.7500844678,13.179709597196043,2
panel_direct_phase_a10000,e97032ad,3530,565518.1343869441,12.657149659515905,2
panel_direct_geom_a1000,c47e0767,4356,2178634.5195100084,22.36393672044138,2
panel_direct_raw_gr_a1000,c47e0767,4356,2181469.9722004416,22.378485114180787,2
panel_direct_phase_a100,c47e0767,4356,2306785.134679891,23.012279304290374,2
panel_direct_phase_a1000,c47e0767,4356,2258105.5001608334,22.76817279483031,2
panel_direct_phase_a10000,c47e0767,4356,2076401.140533985,21.832913484775624,2
panel_direct_geom_a1000,974802e7,5843,1068815.793346875,13.524882105422527,2
panel_direct_raw_gr_a1000,974802e7,5843,1068064.1419381974,13.520125539930133,2
panel_direct_phase_a100,974802e7,5843,957442.4357022225,12.800837751913614,2
panel_direct_phase_a1000,974802e7,5843,1056781.6980777928,13.448526358480748,2
panel_direct_phase_a10000,974802e7,5843,1096020.3462270885,13.69592487107464,2
panel_direct_geom_a1000,9def2eb2,6003,280114.89969559846,6.830994464442674,2
panel_direct_raw_gr_a1000,9def2eb2,6003,286166.84818304406,6.904392759503566,2
panel_direct_phase_a100,9def2eb2,6003,270863.0860831557,6.717238051238578,2
panel_direct_phase_a1000,9def2eb2,6003,287058.5612872271,6.915141643950125,2
panel_direct_phase_a10000,9def2eb2,6003,306345.91168306157,7.143678035804617,2
panel_direct_geom_a1000,47222616,4406,785712.3292628386,13.353943598709076,2
panel_direct_raw_gr_a1000,47222616,4406,785038.3298717918,13.348214732966145,2
panel_direct_phase_a100,47222616,4406,742795.4603454751,12.984115617267436,2
panel_direct_phase_a1000,47222616,4406,809465.3443356534,13.554293441826422,2
panel_direct_phase_a10000,47222616,4406,743744.4282912641,12.992406982332698,2
panel_direct_geom_a1000,d00e7eb9,5704,441768.8856071996,8.800509253154996,2
panel_direct_raw_gr_a1000,d00e7eb9,5704,441319.6437755619,8.796033425810391,2
panel_direct_phase_a100,d00e7eb9,5704,386670.13113696664,8.233425391511654,2
panel_direct_phase_a1000,d00e7eb9,5704,447527.86469232675,8.857686029906745,2
panel_direct_phase_a10000,d00e7eb9,5704,387962.85626593657,8.247177002942951,2
panel_direct_geom_a1000,2b06ad65,4256,55131.443096607894,3.5991410804607433,2
panel_direct_raw_gr_a1000,2b06ad65,4256,54172.61298966474,3.567706194205614,2
panel_direct_phase_a100,2b06ad65,4256,80168.94596649235,4.340125393577539,2
panel_direct_phase_a1000,2b06ad65,4256,53866.92190942277,3.557625834241442,2
panel_direct_phase_a10000,2b06ad65,4256,36626.9887686478,2.9335925767166864,2
panel_direct_geom_a1000,4f4ac5ce,5162,370115.2995612399,8.467584103076014,2
panel_direct_raw_gr_a1000,4f4ac5ce,5162,373515.56485833647,8.506391207276982,2
panel_direct_phase_a100,4f4ac5ce,5162,339643.10439101467,8.111522940555123,2
panel_direct_phase_a1000,4f4ac5ce,5162,366793.5870830827,8.42950100719806,2
panel_direct_phase_a10000,4f4ac5ce,5162,355503.5967034532,8.298756070963245,2
panel_direct_geom_a1000,5cdd8dbc,4010,1271528.318119614,17.807003008354734,2
panel_direct_raw_gr_a1000,5cdd8dbc,4010,1255036.5934031645,17.691147689856933,2
panel_direct_phase_a100,5cdd8dbc,4010,745907.5282156367,13.638616220968022,2
panel_direct_phase_a1000,5cdd8dbc,4010,1113646.4312024347,16.66485267004551,2
panel_direct_phase_a10000,5cdd8dbc,4010,1199982.7749799525,17.298773794924546,2
panel_direct_geom_a1000,347242c8,3595,22344.236475481164,2.493063337626816,2
panel_direct_raw_gr_a1000,347242c8,3595,22292.82421165696,2.49019351827486,2
panel_direct_phase_a100,347242c8,3595,39960.63192410566,3.334008681316646,2
panel_direct_phase_a1000,347242c8,3595,23859.23318260756,2.576195358752032,2
panel_direct_phase_a10000,347242c8,3595,17736.27543916078,2.2211698254228076,2
panel_direct_geom_a1000,ed6e6e54,6048,923183.194040859,12.354866404879381,2
panel_direct_raw_gr_a1000,ed6e6e54,6048,929655.3363332584,12.39809877480033,2
panel_direct_phase_a100,ed6e6e54,6048,839487.2735601837,11.78151572132505,2
panel_direct_phase_a1000,ed6e6e54,6048,911983.4329320949,12.27969509107525,2
panel_direct_phase_a10000,ed6e6e54,6048,879258.1735986443,12.05736244047345,2
panel_direct_geom_a1000,b85f7b06,3803,22734.023750969427,2.4449782043862056,2
panel_direct_raw_gr_a1000,b85f7b06,3803,22609.692772393355,2.4382833205987806,2
panel_direct_phase_a100,b85f7b06,3803,61163.46689488342,4.010355609594307,2
panel_direct_phase_a1000,b85f7b06,3803,20449.25489116434,2.3188656186463423,2
panel_direct_phase_a10000,b85f7b06,3803,37820.582263133285,3.1535588693989007,2
panel_direct_geom_a1000,f6d009f4,6715,15430765.373848632,47.93698608562845,2
panel_direct_raw_gr_a1000,f6d009f4,6715,15482502.263937846,48.017281364068346,2
panel_direct_phase_a100,f6d009f4,6715,15289649.606137637,47.71728857147271,2
panel_direct_phase_a1000,f6d009f4,6715,15046276.53239641,47.33599508552261,2
panel_direct_phase_a10000,f6d009f4,6715,14926057.623441787,47.146509854160065,2
panel_direct_geom_a1000,8255c867,3589,2355184.12055294,25.616848691930265,2
panel_direct_raw_gr_a1000,8255c867,3589,2371475.1542258263,25.705293106329567,2
panel_direct_phase_a100,8255c867,3589,1636460.3934412207,21.35335007932618,2
panel_direct_phase_a1000,8255c867,3589,2343770.607872101,25.554702104114003,2
panel_direct_phase_a10000,8255c867,3589,2364320.7740395535,25.666489336307936,2
panel_direct_geom_a1000,0a57a29c,5821,332974.6370619831,7.563220767431576,2
panel_direct_raw_gr_a1000,0a57a29c,5821,332731.0033904726,7.560453300747026,2
panel_direct_phase_a100,0a57a29c,5821,300780.8625883593,7.188301766499987,2
panel_direct_phase_a1000,0a57a29c,5821,323399.69711992895,7.4536844795641075,2
panel_direct_phase_a10000,0a57a29c,5821,295603.93178512604,7.1261720499439365,2
panel_direct_geom_a1000,3ac16ad0,5649,399501.3768871585,8.409561536794453,2
panel_direct_raw_gr_a1000,3ac16ad0,5649,391868.7991911728,8.328840699307237,2
panel_direct_phase_a100,3ac16ad0,5649,460828.1068415204,9.03199508313181,2
panel_direct_phase_a1000,3ac16ad0,5649,422033.80725598347,8.643464119625387,2
panel_direct_phase_a10000,3ac16ad0,5649,433264.526202109,8.757714412340286,2
panel_direct_geom_a1000,ccedb12b,4401,542763.3240683842,11.105281266099405,2
panel_direct_raw_gr_a1000,ccedb12b,4401,538260.1366808349,11.059116278889197,2
panel_direct_phase_a100,ccedb12b,4401,434476.9557403248,9.935910918281918,2
panel_direct_phase_a1000,ccedb12b,4401,529291.6320079073,10.966595620217145,2
panel_direct_phase_a10000,ccedb12b,4401,514089.62102570565,10.807960124409723,2
panel_direct_geom_a1000,5aa03df7,4871,203164.79188641463,6.458254556514065,2
panel_direct_raw_gr_a1000,5aa03df7,4871,203169.19764400885,6.458324581811109,2
panel_direct_phase_a100,5aa03df7,4871,182003.51179700124,6.112668151234773,2
panel_direct_phase_a1000,5aa03df7,4871,199210.05426072015,6.395088546381382,2
panel_direct_phase_a10000,5aa03df7,4871,208154.5194402875,6.537080868877373,2
panel_direct_geom_a1000,ab3ced07,4250,349487.1945243645,9.068201644458307,2
panel_direct_raw_gr_a1000,ab3ced07,4250,352675.93403474696,9.10947708236088,2
panel_direct_phase_a100,ab3ced07,4250,353701.8984048467,9.122717582785189,2
panel_direct_phase_a1000,ab3ced07,4250,345505.6889804336,9.016399294102401,2
panel_direct_phase_a10000,ab3ced07,4250,386044.8644154933,9.53069177682407,2
panel_direct_geom_a1000,fef8af96,3826,7749503.397279448,45.005382141052486,2
panel_direct_raw_gr_a1000,fef8af96,3826,7732850.916625215,44.95700134400137,2
panel_direct_phase_a100,fef8af96,3826,6806475.652865548,42.17826050704675,2
panel_direct_phase_a1000,fef8af96,3826,7658885.063268427,44.74147456299584,2
panel_direct_phase_a10000,fef8af96,3826,7658474.711834392,44.740275956800275,2
panel_direct_geom_a1000,4cd1ac61,4489,1162485.4990315605,16.09233146206461,2
panel_direct_raw_gr_a1000,4cd1ac61,4489,1164609.3343942785,16.107024921265708,2
panel_direct_phase_a100,4cd1ac61,4489,1246664.873002732,16.66479818517538,2
panel_direct_phase_a1000,4cd1ac61,4489,1130385.1877095965,15.868593177534123,2
panel_direct_phase_a10000,4cd1ac61,4489,1024761.2647911452,15.109028757970043,2
panel_direct_geom_a1000,cb34231f,5609,168086.1955663507,5.474233320298071,2
panel_direct_raw_gr_a1000,cb34231f,5609,181790.8656814352,5.693027856601862,2
panel_direct_phase_a100,cb34231f,5609,151543.7909261236,5.197881251059048,2
panel_direct_phase_a1000,cb34231f,5609,277756.00872038625,7.037023663174824,2
panel_direct_phase_a10000,cb34231f,5609,194611.56826525793,5.890356852072703,2
panel_direct_geom_a1000,f72b268f,6404,987426.7639075998,12.417288902806144,2
panel_direct_raw_gr_a1000,f72b268f,6404,994721.750451568,12.463073191921426,2
panel_direct_phase_a100,f72b268f,6404,868449.1380556861,11.645188762226379,2
panel_direct_phase_a1000,f72b268f,6404,960026.437460454,12.24379176685789,2
panel_direct_phase_a10000,f72b268f,6404,1042934.1152255232,12.761530867618696,2
panel_direct_geom_a1000,e0f36d98,4976,877053.8671214168,13.276174377189099,2
panel_direct_raw_gr_a1000,e0f36d98,4976,875608.5082506253,13.26523049488855,2
panel_direct_phase_a100,e0f36d98,4976,777586.7806150822,12.500697573904453,2
panel_direct_phase_a1000,e0f36d98,4976,858213.6761441594,13.132806024624665,2
panel_direct_phase_a10000,e0f36d98,4976,967387.0316085311,13.943119345818804,2
panel_direct_geom_a1000,1d78281a,4949,578311.794509383,10.809915470584619,2
panel_direct_raw_gr_a1000,1d78281a,4949,579485.1689306604,10.820876383936735,2
panel_direct_phase_a100,1d78281a,4949,448738.6182571299,9.522215288907868,2
panel_direct_phase_a1000,1d78281a,4949,534686.3746136343,10.394194318616771,2
panel_direct_phase_a10000,1d78281a,4949,649850.8978241895,11.459037343538599,2
panel_direct_geom_a1000,a7744f5b,4377,646724.3361941378,12.15545804154297,2
panel_direct_raw_gr_a1000,a7744f5b,4377,644191.3410965834,12.131630329139703,2
panel_direct_phase_a100,a7744f5b,4377,595154.3058937611,11.660750866998935,2
panel_direct_phase_a1000,a7744f5b,4377,649842.508312733,12.184726487988936,2
panel_direct_phase_a10000,a7744f5b,4377,719687.9058716387,12.822828357648127,2
panel_direct_geom_a1000,1b6ba517,6597,333534.14815306955,7.110447110429284,2
panel_direct_raw_gr_a1000,1b6ba517,6597,333986.5460815548,7.115267698543922,2
panel_direct_phase_a100,1b6ba517,6597,350841.7771500654,7.292600267914462,2
panel_direct_phase_a1000,1b6ba517,6597,345744.84844552533,7.239434063162483,2
panel_direct_phase_a10000,1b6ba517,6597,383411.05769046367,7.623581981381196,2
panel_direct_geom_a1000,9df1b1f9,4701,884096.0582758737,13.71369863936726,2
panel_direct_raw_gr_a1000,9df1b1f9,4701,884907.6914054735,13.719992038518381,2
panel_direct_phase_a100,9df1b1f9,4701,1022150.3114255685,14.745593491790586,2
panel_direct_phase_a1000,9df1b1f9,4701,958566.331622043,14.27959729394598,2
panel_direct_phase_a10000,9df1b1f9,4701,804118.6206218416,13.078710717477048,2
panel_direct_geom_a1000,12f0cd90,5947,355752.6688796467,7.7343730274276155,2
panel_direct_raw_gr_a1000,12f0cd90,5947,355609.0548256001,7.732811722499871,2
panel_direct_phase_a100,12f0cd90,5947,531176.635514154,9.450842217326848,2
panel_direct_phase_a1000,12f0cd90,5947,387929.8061595479,8.076581976200462,2
panel_direct_phase_a10000,12f0cd90,5947,365957.6571342317,7.844521362612265,2
panel_direct_geom_a1000,37344c2a,5197,871951.7978805855,12.95298552890801,2
panel_direct_raw_gr_a1000,37344c2a,5197,873153.016626976,12.961904607943145,2
panel_direct_phase_a100,37344c2a,5197,1047187.8143014922,14.195017475433438,2
panel_direct_phase_a1000,37344c2a,5197,901437.1998268364,13.17016996530111,2
panel_direct_phase_a10000,37344c2a,5197,902768.3803604123,13.179890779015558,2
panel_direct_geom_a1000,fa667be2,7296,492274.12485871784,8.214120918527332,2
panel_direct_raw_gr_a1000,fa667be2,7296,499730.3825263657,8.276094949010623,2
panel_direct_phase_a100,fa667be2,7296,542373.840296835,8.621978878281176,2
panel_direct_phase_a1000,fa667be2,7296,528736.0847696746,8.51289080537655,2
panel_direct_phase_a10000,fa667be2,7296,551697.1053679271,8.695767911659955,2
panel_direct_geom_a1000,96ae5806,9839,771995.7288140496,8.857924381789237,2
panel_direct_raw_gr_a1000,96ae5806,9839,770352.9017270274,8.848494415020351,2
panel_direct_phase_a100,96ae5806,9839,607795.0629960143,7.859648135088528,2
panel_direct_phase_a1000,96ae5806,9839,713820.0552423686,8.517632389028202,2
panel_direct_phase_a10000,96ae5806,9839,708796.8003965665,8.487609572270783,2
panel_direct_geom_a1000,5d7198fd,3368,544563.4895155802,12.715639853623125,2
panel_direct_raw_gr_a1000,5d7198fd,3368,546914.4258904965,12.743057654112617,2
panel_direct_phase_a100,5d7198fd,3368,477408.2046860303,11.90580863700899,2
panel_direct_phase_a1000,5d7198fd,3368,538823.4333581042,12.648446729886324,2
panel_direct_phase_a10000,5d7198fd,3368,582610.4504970574,13.152342015925411,2
panel_direct_geom_a1000,ebe69318,4976,118286.63362180085,4.875595305844689,2
panel_direct_raw_gr_a1000,ebe69318,4976,118865.82450908597,4.88751741366389,2
panel_direct_phase_a100,ebe69318,4976,86766.8129513364,4.175770645111395,2
panel_direct_phase_a1000,ebe69318,4976,118425.66151059179,4.878459723584547,2
panel_direct_phase_a10000,ebe69318,4976,118173.53233692574,4.873263816835886,2
panel_direct_geom_a1000,5663b2b7,4972,1224118.3605862772,15.690838269147743,2
panel_direct_raw_gr_a1000,5663b2b7,4972,1209293.8334469171,15.59553792554883,2
panel_direct_phase_a100,5663b2b7,4972,1254628.8514115526,15.885177617602837,2
panel_direct_phase_a1000,5663b2b7,4972,1143372.662356782,15.164508612928984,2
panel_direct_phase_a10000,5663b2b7,4972,1249566.8990282717,15.853099890939504,2
panel_direct_geom_a1000,368131f9,4991,2354637.6567205307,21.72042194473047,2
panel_direct_raw_gr_a1000,368131f9,4991,2357001.5742677096,21.731322221886604,2
panel_direct_phase_a100,368131f9,4991,2040798.8916243075,20.221171844089756,2
panel_direct_phase_a1000,368131f9,4991,2282456.9298216384,21.38491412557489,2
panel_direct_phase_a10000,368131f9,4991,2224805.2944392464,21.113110454581783,2
panel_direct_geom_a1000,1a730ac2,4605,1033460.7770475057,14.980702585527398,2
panel_direct_raw_gr_a1000,1a730ac2,4605,1040563.5451831179,15.032094114259678,2
panel_direct_phase_a100,1a730ac2,4605,838155.3858043271,13.491102837292878,2
panel_direct_phase_a1000,1a730ac2,4605,982028.9232872163,14.603176095324494,2
panel_direct_phase_a10000,1a730ac2,4605,1157286.9857677415,15.852790393187059,2
panel_direct_geom_a1000,925a7cd1,4517,51380.58115075401,3.3726747465368474,2
panel_direct_raw_gr_a1000,925a7cd1,4517,51166.90409989511,3.3656544482360924,2
panel_direct_phase_a100,925a7cd1,4517,24747.851844138197,2.340688968929194,2
panel_direct_phase_a1000,925a7cd1,4517,53413.394361469764,3.438745567568877,2
panel_direct_phase_a10000,925a7cd1,4517,82858.27638443069,4.282948991817567,2
panel_direct_geom_a1000,f8afa78a,6032,1142749.6804654626,13.764007095459153,2
panel_direct_raw_gr_a1000,f8afa78a,6032,1133794.0553703266,13.70996737654408,2
panel_direct_phase_a100,f8afa78a,6032,1033894.197546502,13.09204177921422,2
panel_direct_phase_a1000,f8afa78a,6032,1028990.0842733578,13.060954858757697,2
panel_direct_phase_a10000,f8afa78a,6032,1218173.040357184,14.210973365147945,2
panel_direct_geom_a1000,4463446c,3256,985989.1521107332,17.401787872636252,2
panel_direct_raw_gr_a1000,4463446c,3256,986427.433745929,17.405655073741034,2
panel_direct_phase_a100,4463446c,3256,766602.0074829786,15.344147972145173,2
panel_direct_phase_a1000,4463446c,3256,982051.3734665557,17.367004050461485,2
panel_direct_phase_a10000,4463446c,3256,1108201.518461817,18.448759625360108,2
panel_direct_geom_a1000,c1d046f4,5513,259409.30262004098,6.859599765739599,2
panel_direct_raw_gr_a1000,c1d046f4,5513,261299.42805769364,6.884544846736404,2
panel_direct_phase_a100,c1d046f4,5513,177215.88876195514,5.66966413265376,2
panel_direct_phase_a1000,c1d046f4,5513,230607.96125944972,6.467599993445257,2
panel_direct_phase_a10000,c1d046f4,5513,300112.03397572815,7.378153882970477,2
panel_direct_geom_a1000,dd168de0,3304,32568.911140885622,3.139652628265751,2
panel_direct_raw_gr_a1000,dd168de0,3304,31832.37084005121,3.1039482608946463,2
panel_direct_phase_a100,dd168de0,3304,68603.83756129068,4.556739333547788,2
panel_direct_phase_a1000,dd168de0,3304,38009.24381501976,3.3917559491492777,2
panel_direct_phase_a10000,dd168de0,3304,28426.36934342311,2.9331932569529258,2
panel_direct_geom_a1000,c03fba65,3699,1743395.3364528345,21.709797587439652,2
panel_direct_raw_gr_a1000,c03fba65,3699,1749057.0655100364,21.745020625620498,2
panel_direct_phase_a100,c03fba65,3699,1439524.122677539,19.727284497113274,2
panel_direct_phase_a1000,c03fba65,3699,1640428.768853232,21.058940759270605,2
panel_direct_phase_a10000,c03fba65,3699,1815923.094966423,22.15677565620578,2
panel_direct_geom_a1000,2c0c4a4e,4790,244661.2569313497,7.146852920429561,2
panel_direct_raw_gr_a1000,2c0c4a4e,4790,247678.41005194339,7.190785248857493,2
panel_direct_phase_a100,2c0c4a4e,4790,230176.94508079992,6.93207342569957,2
panel_direct_phase_a1000,2c0c4a4e,4790,234510.21267853543,6.997020133391403,2
panel_direct_phase_a10000,2c0c4a4e,4790,283625.2764007413,7.694930636135426,2
panel_direct_geom_a1000,fb3848a1,5919,658411.8681810658,10.54689579981595,2
panel_direct_raw_gr_a1000,fb3848a1,5919,664132.5313006433,10.592615470247708,2
panel_direct_phase_a100,fb3848a1,5919,658727.2542362794,10.549421533159267,2
panel_direct_phase_a1000,fb3848a1,5919,688535.0739459812,10.78546475739968,2
panel_direct_phase_a10000,fb3848a1,5919,617514.1385220578,10.214080652475575,2
panel_direct_geom_a1000,62a6f539,3693,180135.73834954185,6.984097412446551,2
panel_direct_raw_gr_a1000,62a6f539,3693,177887.92628102133,6.940385317590545,2
panel_direct_phase_a100,62a6f539,3693,161627.20312676468,6.6155746604054775,2
panel_direct_phase_a1000,62a6f539,3693,175578.80609560767,6.895192446753812,2
panel_direct_phase_a10000,62a6f539,3693,209410.21257935942,7.530247923413583,2
panel_direct_geom_a1000,63559d57,4069,86329.53849049436,4.60612653901434,2
panel_direct_raw_gr_a1000,63559d57,4069,86028.34425809575,4.59808438475877,2
panel_direct_phase_a100,63559d57,4069,75709.50694473184,4.313515510481261,2
panel_direct_phase_a1000,63559d57,4069,94927.22191401463,4.8300490453809175,2
panel_direct_phase_a10000,63559d57,4069,126799.27540687015,5.582317592129889,2
panel_direct_geom_a1000,4f3eb9e9,4697,5321695.780850437,33.66004885369881,2
panel_direct_raw_gr_a1000,4f3eb9e9,4697,5329307.671064793,33.68411308553517,2
panel_direct_phase_a100,4f3eb9e9,4697,5297159.152562348,33.582361370561514,2
panel_direct_phase_a1000,4f3eb9e9,4697,5285331.3015243355,33.544847947619296,2
panel_direct_phase_a10000,4f3eb9e9,4697,5177095.536586036,33.19959681975459,2
panel_direct_geom_a1000,460f859e,3336,1311717.0459571672,19.82928524542613,2
panel_direct_raw_gr_a1000,460f859e,3336,1319479.7585622533,19.88787332934883,2
panel_direct_phase_a100,460f859e,3336,1314249.144266013,19.84841493972021,2
panel_direct_phase_a1000,460f859e,3336,1372051.7508385675,20.280199605889642,2
panel_direct_phase_a10000,460f859e,3336,1341214.2203699397,20.05100077316286,2
panel_direct_geom_a1000,28f4eda9,5266,829049.1712937407,12.547283690452131,2
panel_direct_raw_gr_a1000,28f4eda9,5266,833139.4803607058,12.57819809401157,2
panel_direct_phase_a100,28f4eda9,5266,721207.8056629639,11.702799968013373,2
panel_direct_phase_a1000,28f4eda9,5266,834222.5820376117,12.586371420888238,2
panel_direct_phase_a10000,28f4eda9,5266,799880.9485392817,12.324583430275824,2
panel_direct_geom_a1000,739a914f,5505,1097086.3568634847,14.11697824664525,2
panel_direct_raw_gr_a1000,739a914f,5505,1103038.8231546427,14.155223715277147,2
panel_direct_phase_a100,739a914f,5505,1531382.758917326,16.678739091369838,2
panel_direct_phase_a1000,739a914f,5505,1125496.0567494405,14.298593750519846,2
panel_direct_phase_a10000,739a914f,5505,1025030.0837465865,13.645505984014648,2
panel_direct_geom_a1000,995ff498,4526,301399.32943317655,8.160445450998504,2
panel_direct_raw_gr_a1000,995ff498,4526,300172.8845595828,8.143825409607052,2
panel_direct_phase_a100,995ff498,4526,256781.50900573577,7.532247788018497,2
panel_direct_phase_a1000,995ff498,4526,291951.1565731412,8.031521480372877,2
panel_direct_phase_a10000,995ff498,4526,310667.72778776113,8.284967243946461,2
panel_direct_geom_a1000,698930d1,4741,569768.9105328566,10.962620912597945,2
panel_direct_raw_gr_a1000,698930d1,4741,552437.9353550272,10.794605347570272,2
panel_direct_phase_a100,698930d1,4741,849764.8648305328,13.387960043480271,2
panel_direct_phase_a1000,698930d1,4741,661696.0909527176,11.813927649679329,2
panel_direct_phase_a10000,698930d1,4741,535433.8048587086,10.627177046426954,2
panel_direct_geom_a1000,f16e25e3,4651,54545.08371270141,3.4245588714974744,2
panel_direct_raw_gr_a1000,f16e25e3,4651,54848.0954881693,3.434057844055786,2
panel_direct_phase_a100,f16e25e3,4651,52761.75674705683,3.368111451055822,2
panel_direct_phase_a1000,f16e25e3,4651,52065.67712050558,3.3458201369533165,2
panel_direct_phase_a10000,f16e25e3,4651,42932.43514252822,3.038222610923324,2
panel_direct_geom_a1000,37d36812,4367,2222984.305209736,22.56194843332007,2
panel_direct_raw_gr_a1000,37d36812,4367,2217957.5619376595,22.53642479176103,2
panel_direct_phase_a100,37d36812,4367,1803484.5170011953,20.32191418751775,2
panel_direct_phase_a1000,37d36812,4367,2209781.3513287655,22.4948476472491,2
panel_direct_phase_a10000,37d36812,4367,2146437.718405069,22.170094777680934,2
panel_direct_geom_a1000,a5aa7973,4616,823095.5031090466,13.353410944865178,2
panel_direct_raw_gr_a1000,a5aa7973,4616,826880.0950154713,13.384075218610528,2
panel_direct_phase_a100,a5aa7973,4616,729855.9797314866,12.57435407318302,2
panel_direct_phase_a1000,a5aa7973,4616,846890.7077394163,13.545055341598987,2
panel_direct_phase_a10000,a5aa7973,4616,902891.1687737321,13.985719139738979,2
panel_direct_geom_a1000,8612b37f,5165,2153821.066412054,20.420654020661754,2
panel_direct_raw_gr_a1000,8612b37f,5165,2165889.6129956855,20.47778582024537,2
panel_direct_phase_a100,8612b37f,5165,2485166.310455708,21.935248856400033,2
panel_direct_phase_a1000,8612b37f,5165,2273000.243124564,20.97802401105582,2
panel_direct_phase_a10000,8612b37f,5165,2055087.0723297305,19.947108534391976,2
panel_direct_geom_a1000,94467f50,3035,178852.02133809007,7.676576438202241,2
panel_direct_raw_gr_a1000,94467f50,3035,177789.76115605637,7.653745648810831,2
panel_direct_phase_a100,94467f50,3035,143046.58832066506,6.865298176429773,2
panel_direct_phase_a1000,94467f50,3035,163998.7661015201,7.350907240996837,2
panel_direct_phase_a10000,94467f50,3035,177554.2762605275,7.64867522550676,2
panel_direct_geom_a1000,14fee784,4910,2031483.3947961787,20.340699896019167,2
panel_direct_raw_gr_a1000,14fee784,4910,2057488.3053219677,20.47047600934772,2
panel_direct_phase_a100,14fee784,4910,1877626.9225573747,19.555274016618785,2
panel_direct_phase_a1000,14fee784,4910,2025628.183318631,20.3113654102987,2
panel_direct_phase_a10000,14fee784,4910,2173959.488951035,21.04190121426781,2
panel_direct_geom_a1000,eabc711b,5348,689361.4329242841,11.353448440746423,2
panel_direct_raw_gr_a1000,eabc711b,5348,694996.0747682577,11.39975392050487,2
panel_direct_phase_a100,eabc711b,5348,691970.5195773412,11.374913345748505,2
panel_direct_phase_a1000,eabc711b,5348,687295.6084186563,11.336424113070297,2
panel_direct_phase_a10000,eabc711b,5348,717501.8301587028,11.582860004273153,2
panel_direct_geom_a1000,bd2c2f34,9823,315060.36545896914,5.663368412466213,2
panel_direct_raw_gr_a1000,bd2c2f34,9823,311928.8862338661,5.635153171006181,2
panel_direct_phase_a100,bd2c2f34,9823,375774.36314243247,6.185025602402572,2
panel_direct_phase_a1000,bd2c2f34,9823,322997.7753695769,5.734264131850434,2
panel_direct_phase_a10000,bd2c2f34,9823,313426.9705368395,5.648668788253489,2
panel_direct_geom_a1000,d9d6d94d,4919,446389.0752061733,9.52617087459877,2
panel_direct_raw_gr_a1000,d9d6d94d,4919,448425.0942322282,9.547871001706204,2
panel_direct_phase_a100,d9d6d94d,4919,422422.8523511409,9.266917380969177,2
panel_direct_phase_a1000,d9d6d94d,4919,436962.5322236308,9.425050557342558,2
panel_direct_phase_a10000,d9d6d94d,4919,435950.91477528727,9.414134209056979,2
panel_direct_geom_a1000,dd64382d,3124,88800.23084019685,5.331526040754038,2
panel_direct_raw_gr_a1000,dd64382d,3124,90754.06851777113,5.38986067696413,2
panel_direct_phase_a100,dd64382d,3124,89649.57000683999,5.356962334825115,2
panel_direct_phase_a1000,dd64382d,3124,73209.0854010982,4.840909660216735,2
panel_direct_phase_a10000,dd64382d,3124,62236.569327082005,4.4634154242447615,2
panel_direct_geom_a1000,c42fe306,5095,699368.3533784854,11.716041303403593,2
panel_direct_raw_gr_a1000,c42fe306,5095,701674.8653902803,11.735345112303415,2
panel_direct_phase_a100,c42fe306,5095,715771.3961156465,11.852639496147772,2
panel_direct_phase_a1000,c42fe306,5095,714487.8822065053,11.842007712160077,2
panel_direct_phase_a10000,c42fe306,5095,665142.1948248739,11.425761526576386,2
panel_direct_geom_a1000,7ff89f8f,7337,1554354.0573451903,14.555117510116354,2
panel_direct_raw_gr_a1000,7ff89f8f,7337,1544175.9554264732,14.50738489042966,2
panel_direct_phase_a100,7ff89f8f,7337,1216318.2128048926,12.8755071795572,2
panel_direct_phase_a1000,7ff89f8f,7337,1451053.4836636868,14.063144867657389,2
panel_direct_phase_a10000,7ff89f8f,7337,1481401.8488868205,14.209447168542596,2
panel_direct_geom_a1000,8478df29,4857,722020.1884409045,12.19243976775799,2
panel_direct_raw_gr_a1000,8478df29,4857,724481.8568502122,12.213206642049858,2
panel_direct_phase_a100,8478df29,4857,382741.4130113519,8.877050207433191,2
panel_direct_phase_a1000,8478df29,4857,700328.3864322735,12.007893108190537,2
panel_direct_phase_a10000,8478df29,4857,892389.1839299304,13.554799475699438,2
panel_direct_geom_a1000,5eae34a8,4904,252351.30285636542,7.173441234644182,2
panel_direct_raw_gr_a1000,5eae34a8,4904,249435.57702357197,7.13187902409094,2
panel_direct_phase_a100,5eae34a8,4904,216327.1859235312,6.641716282107269,2
panel_direct_phase_a1000,5eae34a8,4904,233515.94302241242,6.900539364431435,2
panel_direct_phase_a10000,5eae34a8,4904,257925.11420933282,7.252230266867216,2
panel_direct_geom_a1000,5a1a8fd8,5260,1004474.0339766229,13.81899581166099,2
panel_direct_raw_gr_a1000,5a1a8fd8,5260,1008650.7144499125,13.847696232950065,2
panel_direct_phase_a100,5a1a8fd8,5260,833084.7379168193,12.584956451316174,2
panel_direct_phase_a1000,5a1a8fd8,5260,1007171.3412445465,13.837537400175096,2
panel_direct_phase_a10000,5a1a8fd8,5260,947271.813722346,13.419750311622847,2
panel_direct_geom_a1000,940e709a,3348,105984.75901843324,5.626379003098648,2
panel_direct_raw_gr_a1000,940e709a,3348,106436.30872998312,5.638351901528218,2
panel_direct_phase_a100,940e709a,3348,190036.77111313894,7.534008341811545,2
panel_direct_phase_a1000,940e709a,3348,125102.8156803653,6.112808879847529,2
panel_direct_phase_a10000,940e709a,3348,85209.20410923136,5.044876391984608,2
panel_direct_geom_a1000,7bb17b96,3922,943567.1220954014,15.510743115260748,2
panel_direct_raw_gr_a1000,7bb17b96,3922,949387.5469469888,15.558508832140802,2
panel_direct_phase_a100,7bb17b96,3922,695576.2747698649,13.317373663668553,2
panel_direct_phase_a1000,7bb17b96,3922,921055.7873178059,15.324600908108874,2
panel_direct_phase_a10000,7bb17b96,3922,1076201.8064593328,16.565061922815566,2
panel_direct_geom_a1000,e149204f,6097,131894.57253303746,4.6510966560401314,2
panel_direct_raw_gr_a1000,e149204f,6097,134783.15098941774,4.701751860483048,2
panel_direct_phase_a100,e149204f,6097,220392.97682986595,6.012301871603519,2
panel_direct_phase_a1000,e149204f,6097,181043.91635119458,5.449214083107331,2
panel_direct_phase_a10000,e149204f,6097,133181.3587437534,4.67373003704769,2
panel_direct_geom_a1000,22c5f93f,5172,238222.74070177757,6.786757793098585,2
panel_direct_raw_gr_a1000,22c5f93f,5172,235708.8959708691,6.750854203503893,2
panel_direct_phase_a100,22c5f93f,5172,229328.39222350088,6.6588564878754966,2
panel_direct_phase_a1000,22c5f93f,5172,223310.62817035074,6.570908784963866,2
panel_direct_phase_a10000,22c5f93f,5172,246901.19123323308,6.909272707676233,2
panel_direct_geom_a1000,2e43c2ea,5698,364432.04434849496,7.997367550703707,2
panel_direct_raw_gr_a1000,2e43c2ea,5698,351765.1750682072,7.857152789612807,2
panel_direct_phase_a100,2e43c2ea,5698,162985.6340688808,5.348271438801135,2
panel_direct_phase_a1000,2e43c2ea,5698,251391.1021352916,6.642227227664394,2
panel_direct_phase_a10000,2e43c2ea,5698,312102.90399799973,7.400953615971619,2
panel_direct_geom_a1000,44a94013,4903,2367065.3739504674,21.972232183841076,2
panel_direct_raw_gr_a1000,44a94013,4903,2376347.7140832217,22.015271589742998,2
panel_direct_phase_a100,44a94013,4903,2078112.8533543793,20.587500258868456,2
panel_direct_phase_a1000,44a94013,4903,2348899.2921839403,21.88775666760832,2
panel_direct_phase_a10000,44a94013,4903,2562284.7249728804,22.86034325403284,2
panel_direct_geom_a1000,2b547943,3480,441310.23458926677,11.26114051957054,2
panel_direct_raw_gr_a1000,2b547943,3480,436682.4689876943,11.201940372092334,2
panel_direct_phase_a100,2b547943,3480,452969.88102934265,11.408933294417922,2
panel_direct_phase_a1000,2b547943,3480,415887.7882403922,10.93197077962384,2
panel_direct_phase_a10000,2b547943,3480,485467.6414920424,11.811104767592516,2
panel_direct_geom_a1000,d07aed8f,2957,65721.8771743947,4.71443136505757,2
panel_direct_raw_gr_a1000,d07aed8f,2957,65491.92771110122,4.706176648940397,2
panel_direct_phase_a100,d07aed8f,2957,112183.31374689462,6.159400868219731,2
panel_direct_phase_a1000,d07aed8f,2957,77113.14150665328,5.106678722098305,2
panel_direct_phase_a10000,d07aed8f,2957,81952.8628716156,5.264491180521839,2
panel_direct_geom_a1000,6ede926a,4938,339922.6596660953,8.296874392157667,2
panel_direct_raw_gr_a1000,6ede926a,4938,339062.73166490544,8.28637313189708,2
panel_direct_phase_a100,6ede926a,4938,304817.7835064378,7.856780272786535,2
panel_direct_phase_a1000,6ede926a,4938,332706.82657186454,8.208339546272343,2
panel_direct_phase_a10000,6ede926a,4938,305150.4994177215,7.861067035250998,2
panel_direct_geom_a1000,529e88ca,3417,953692.3678704314,16.70635340329631,2
panel_direct_raw_gr_a1000,529e88ca,3417,934673.9360036019,16.53893638481279,2
panel_direct_phase_a100,529e88ca,3417,1580292.270612496,21.505335316206548,2
panel_direct_phase_a1000,529e88ca,3417,999105.1571128273,17.099488164763194,2
panel_direct_phase_a10000,529e88ca,3417,845083.0334406754,15.726323382445695,2
panel_direct_geom_a1000,09441b8d,5488,1213081.649882521,14.86750062004533,2
panel_direct_raw_gr_a1000,09441b8d,5488,1212085.358873029,14.861394106209245,2
panel_direct_phase_a100,09441b8d,5488,990603.1147011576,13.43515846573765,2
panel_direct_phase_a1000,09441b8d,5488,1086096.7421496178,14.067833000103743,2
panel_direct_phase_a10000,09441b8d,5488,1296781.8605014384,15.371859705028484,2
panel_direct_geom_a1000,4121c517,3723,551447.4704866176,12.170419731248453,2
panel_direct_raw_gr_a1000,4121c517,3723,556194.592260457,12.222691853613519,2
panel_direct_phase_a100,4121c517,3723,547986.7009620408,12.132170114840044,2
panel_direct_phase_a1000,4121c517,3723,521078.02601733047,11.83054798833763,2
panel_direct_phase_a10000,4121c517,3723,484599.7213561899,11.408933846620812,2
panel_direct_geom_a1000,58850d2c,4995,1001088.5416669046,14.156910908098586,2
panel_direct_raw_gr_a1000,58850d2c,4995,1013180.8642798418,14.242156152347023,2
panel_direct_phase_a100,58850d2c,4995,1204266.5569169784,15.52721500428151,2
panel_direct_phase_a1000,58850d2c,4995,987618.3171446917,14.06134363472254,2
panel_direct_phase_a10000,58850d2c,4995,1066932.1518423227,14.615061765140215,2
panel_direct_geom_a1000,d273674e,3899,40263.28208784691,3.2134975216392596,2
panel_direct_raw_gr_a1000,d273674e,3899,42696.90890805636,3.3091892120817734,2
panel_direct_phase_a100,d273674e,3899,39108.855125207614,3.167093855478472,2
panel_direct_phase_a1000,d273674e,3899,36391.5874411986,3.0550891132535125,2
panel_direct_phase_a10000,d273674e,3899,41196.50180941522,3.2505253115582877,2
panel_direct_geom_a1000,cbb406b5,6328,911751.5350189824,12.003420386821924,2
panel_direct_raw_gr_a1000,cbb406b5,6328,907774.1364432956,11.977210083522976,2
panel_direct_phase_a100,cbb406b5,6328,1000637.8041729808,12.574919629706628,2
panel_direct_phase_a1000,cbb406b5,6328,924374.9491763004,12.086229830402937,2
panel_direct_phase_a10000,cbb406b5,6328,844594.6050360032,11.552897394888205,2
panel_direct_geom_a1000,c03d4aed,4641,576964.3710827497,11.149842005471797,2
panel_direct_raw_gr_a1000,c03d4aed,4641,575760.4920845721,11.13820344452736,2
panel_direct_phase_a100,c03d4aed,4641,347379.68644487485,8.651599865311008,2
panel_direct_phase_a1000,c03d4aed,4641,535662.3417115728,10.743351212898283,2
panel_direct_phase_a10000,c03d4aed,4641,681244.9473531769,12.115626121951244,2
panel_direct_geom_a1000,9283ae69,3371,170411.1463917445,7.110000360728495,2
panel_direct_raw_gr_a1000,9283ae69,3371,168703.64043177819,7.07428986600144,2
panel_direct_phase_a100,9283ae69,3371,250264.46746920346,8.616288264427524,2
panel_direct_phase_a1000,9283ae69,3371,179791.50258299374,7.303065650646626,2
panel_direct_phase_a10000,9283ae69,3371,141753.988539014,6.48467578490284,2
panel_direct_geom_a1000,999daf80,3564,115629.20179833118,5.695933577115146,2
panel_direct_raw_gr_a1000,999daf80,3564,124874.54802200121,5.919269547018321,2
panel_direct_phase_a100,999daf80,3564,49476.3118252921,3.7258881324084663,2
panel_direct_phase_a1000,999daf80,3564,130144.80432583428,6.042888343355066,2
panel_direct_phase_a10000,999daf80,3564,109847.77401645761,5.5517101342081805,2
panel_direct_geom_a1000,3d96d897,5659,100478.41719773985,4.213728461244667,2
panel_direct_raw_gr_a1000,3d96d897,5659,99196.16761921298,4.186755504006558,2
panel_direct_phase_a100,3d96d897,5659,59752.40748184766,3.2494350231897906,2
panel_direct_phase_a1000,3d96d897,5659,93044.3932863324,4.054854333085626,2
panel_direct_phase_a10000,3d96d897,5659,81675.33274439882,3.799055247193894,2
panel_direct_geom_a1000,f8f59188,4807,287522.0597883904,7.733899503937618,2
panel_direct_raw_gr_a1000,f8f59188,4807,287822.41669468797,7.737938018044739,2
panel_direct_phase_a100,f8f59188,4807,381907.8105263993,8.91337563102056,2
panel_direct_phase_a1000,f8f59188,4807,310991.38195633044,8.043352758788803,2
panel_direct_phase_a10000,f8f59188,4807,248937.40935727095,7.19627948272168,2
panel_direct_geom_a1000,d5df0ff5,4032,861814.0562030608,14.61997146120856,2
panel_direct_raw_gr_a1000,d5df0ff5,4032,863491.5932856987,14.634193566801681,2
panel_direct_phase_a100,d5df0ff5,4032,617119.2915056979,12.371555271578536,2
panel_direct_phase_a1000,d5df0ff5,4032,870728.6712711388,14.695391507723182,2
panel_direct_phase_a10000,d5df0ff5,4032,1023211.6163529239,15.930245519443602,2
panel_direct_geom_a1000,d40f61d5,4039,92642.14182812649,4.789248445784163,2
panel_direct_raw_gr_a1000,d40f61d5,4039,93100.05215922555,4.801069972332611,2
panel_direct_phase_a100,d40f61d5,4039,73804.08877256206,4.274676805406623,2
panel_direct_phase_a1000,d40f61d5,4039,92386.51489462197,4.7826364085352635,2
panel_direct_phase_a10000,d40f61d5,4039,86602.11592603213,4.630493991370455,2
panel_direct_geom_a1000,4654e7de,5373,138551.24157031835,5.078047870858484,2
panel_direct_raw_gr_a1000,4654e7de,5373,137941.29267121223,5.0668579093328745,2
panel_direct_phase_a100,4654e7de,5373,128246.07902566204,4.885551860182613,2
panel_direct_phase_a1000,4654e7de,5373,138553.27958678477,5.0780852184383525,2
panel_direct_phase_a10000,4654e7de,5373,143837.86899817083,5.174021152012819,2
panel_direct_geom_a1000,0390d174,4411,353712.04120763135,8.954810366652378,2
panel_direct_raw_gr_a1000,0390d174,4411,354628.47567495087,8.966403396042624,2
panel_direct_phase_a100,0390d174,4411,398664.8491447506,9.506823774909257,2
panel_direct_phase_a1000,0390d174,4411,345880.20760875585,8.855117465600054,2
panel_direct_phase_a10000,0390d174,4411,325336.2478157942,8.588111966776323,2
panel_direct_geom_a1000,577eec7c,4539,1389019.4498682322,17.49339377317935,2
panel_direct_raw_gr_a1000,577eec7c,4539,1385553.554787129,17.471555297121057,2
panel_direct_phase_a100,577eec7c,4539,1134471.5375713233,15.809448160841182,2
panel_direct_phase_a1000,577eec7c,4539,1370232.9510511223,17.374691902759697,2
panel_direct_phase_a10000,577eec7c,4539,1544154.9092007845,18.44443439065997,2
panel_direct_geom_a1000,5138a660,3559,151056.09241081108,6.514860623077965,2
panel_direct_raw_gr_a1000,5138a660,3559,150495.1130723772,6.502752201662654,2
panel_direct_phase_a100,5138a660,3559,293305.549274656,9.07812473865751,2
panel_direct_phase_a1000,5138a660,3559,200761.08149189682,7.510619651934591,2
panel_direct_phase_a10000,5138a660,3559,125490.53075693181,5.938017648884479,2
panel_direct_geom_a1000,2d196986,6474,871979.7316586489,11.60557994634687,2
panel_direct_raw_gr_a1000,2d196986,6474,875336.0491960791,11.627893883086903,2
panel_direct_phase_a100,2d196986,6474,960012.5911668537,12.177331167886917,2
panel_direct_phase_a1000,2d196986,6474,872869.7723857606,11.611501416729876,2
panel_direct_phase_a10000,2d196986,6474,910987.6466452174,11.862327126544537,2
panel_direct_geom_a1000,ab94878e,6004,279523.3480687565,6.8232094515689194,2
panel_direct_raw_gr_a1000,ab94878e,6004,277284.1674644492,6.795825121696781,2
panel_direct_phase_a100,ab94878e,6004,341099.3878379036,7.537375092881478,2
panel_direct_phase_a1000,ab94878e,6004,277841.21457350743,6.802647897447004,2
panel_direct_phase_a10000,ab94878e,6004,237646.67879416022,6.291374428868774,2
panel_direct_geom_a1000,1e30dedf,4071,447216.5679411454,10.481136837824511,2
panel_direct_raw_gr_a1000,1e30dedf,4071,447859.69326853775,10.488670394721758,2
panel_direct_phase_a100,1e30dedf,4071,285401.6930787285,8.372935031469002,2
panel_direct_phase_a1000,1e30dedf,4071,456735.9244055915,10.592099088767142,2
panel_direct_phase_a10000,1e30dedf,4071,562137.6975075391,11.750891168717242,2
panel_direct_geom_a1000,d217e0c5,3838,130381.78827654087,5.828489004376503,2
panel_direct_raw_gr_a1000,d217e0c5,3838,131681.45784019618,5.857466693076391,2
panel_direct_phase_a100,d217e0c5,3838,108117.82634409645,5.307575341358233,2
panel_direct_phase_a1000,d217e0c5,3838,138020.33204508922,5.996792873213427,2
panel_direct_phase_a10000,d217e0c5,3838,114383.8963159455,5.4592119754024635,2
panel_direct_geom_a1000,59f8b2e8,3747,171627.87507232104,6.767870907006875,2
panel_direct_raw_gr_a1000,59f8b2e8,3747,171674.64466473478,6.768792986251083,2
panel_direct_phase_a100,59f8b2e8,3747,218485.94951780583,7.636070162422241,2
panel_direct_phase_a1000,59f8b2e8,3747,172406.189269591,6.78319933658271,2
panel_direct_phase_a10000,59f8b2e8,3747,153847.696299495,6.407721862417632,2
panel_direct_geom_a1000,504c8b08,6367,2520272.0774316206,19.895565554444815,2
panel_direct_raw_gr_a1000,504c8b08,6367,2536416.1584079964,19.95918624350858,2
panel_direct_phase_a100,504c8b08,6367,3033344.310690241,21.826968902990316,2
panel_direct_phase_a1000,504c8b08,6367,2676383.0212176153,20.502494690966373,2
panel_direct_phase_a10000,504c8b08,6367,2677878.6658183383,20.50822260105663,2
panel_direct_geom_a1000,a08d9e63,3685,1451583.2619636357,19.847336354535095,2
panel_direct_raw_gr_a1000,a08d9e63,3685,1448241.5910577944,19.824478044345703,2
panel_direct_phase_a100,a08d9e63,3685,1103427.8408955163,17.30426760403965,2
panel_direct_phase_a1000,a08d9e63,3685,1378645.6021929528,19.342275899147413,2
panel_direct_phase_a10000,a08d9e63,3685,1599021.9200633618,20.830920551786317,2
panel_direct_geom_a1000,1beca81d,5036,375029.7289674331,8.629586519429141,2
panel_direct_raw_gr_a1000,1beca81d,5036,369688.73674514645,8.567916963947617,2
panel_direct_phase_a100,1beca81d,5036,198280.72233839903,6.274763844661776,2
panel_direct_phase_a1000,1beca81d,5036,301295.0788378746,7.734872484446672,2
panel_direct_phase_a10000,1beca81d,5036,335969.61294173944,8.167838439755446,2
panel_direct_geom_a1000,eac10e86,6067,223355.13143467234,6.067516552755459,2
panel_direct_raw_gr_a1000,eac10e86,6067,223162.5820311847,6.064900654511925,2
panel_direct_phase_a100,eac10e86,6067,134099.95979713203,4.701401335496781,2
panel_direct_phase_a1000,eac10e86,6067,214431.4384442636,5.945073551210286,2
panel_direct_phase_a10000,eac10e86,6067,203176.2164154832,5.786946092931288,2
panel_direct_geom_a1000,efde6ac3,4559,561838.0069547914,11.101221325942923,2
panel_direct_raw_gr_a1000,efde6ac3,4559,562537.8571947534,11.108133259993366,2
panel_direct_phase_a100,efde6ac3,4559,586850.9235152554,11.345642636052734,2
panel_direct_phase_a1000,efde6ac3,4559,540694.8327445737,10.890336858054399,2
panel_direct_phase_a10000,efde6ac3,4559,493725.82903878175,10.406582409961262,2
panel_direct_geom_a1000,9896fc0b,3595,971625.0914053989,16.439928084989006,2
panel_direct_raw_gr_a1000,9896fc0b,3595,970010.6822982385,16.426264479671463,2
panel_direct_phase_a100,9896fc0b,3595,893721.296682863,15.767092160033627,2
panel_direct_phase_a1000,9896fc0b,3595,942432.9644654901,16.19107881615714,2
panel_direct_phase_a10000,9896fc0b,3595,917111.1280360441,15.972082111112787,2
panel_direct_geom_a1000,24d8997e,3442,117549.92752494589,5.84394002004278,2
panel_direct_raw_gr_a1000,24d8997e,3442,119624.01492805603,5.895270732043073,2
panel_direct_phase_a100,24d8997e,3442,59454.57520530489,4.1561116623945455,2
panel_direct_phase_a1000,24d8997e,3442,104468.29169234805,5.509178113832644,2
panel_direct_phase_a10000,24d8997e,3442,110654.22524249124,5.669941367264693,2
panel_direct_geom_a1000,9d072e4c,5107,450424.97729755763,9.391355999784963,2
panel_direct_raw_gr_a1000,9d072e4c,5107,451311.9898033282,9.400598552400636,2
panel_direct_phase_a100,9d072e4c,5107,414384.5179535197,9.007802004698414,2
panel_direct_phase_a1000,9d072e4c,5107,440188.0001275913,9.284022208211239,2
panel_direct_phase_a10000,9d072e4c,5107,488543.8154367687,9.780675065954995,2
panel_direct_geom_a1000,c03b9305,4255,270589.9909727597,7.9745480991026945,2
panel_direct_raw_gr_a1000,c03b9305,4255,267192.08004789415,7.924320060729942,2
panel_direct_phase_a100,c03b9305,4255,219847.31482006304,7.188045219826527,2
panel_direct_phase_a1000,c03b9305,4255,205400.07008039585,6.9478512445692,2
panel_direct_phase_a10000,c03b9305,4255,217324.78658377344,7.146688427785841,2
panel_direct_geom_a1000,722cf0d8,5143,633912.9575041044,11.102136237253946,2
panel_direct_raw_gr_a1000,722cf0d8,5143,656464.6625314283,11.297891882213907,2
panel_direct_phase_a100,722cf0d8,5143,1022981.2707856247,14.103457011196173,2
panel_direct_phase_a1000,722cf0d8,5143,811470.883370054,12.561115486965784,2
panel_direct_phase_a10000,722cf0d8,5143,660701.5212068217,11.334291849510912,2
panel_direct_geom_a1000,25050f63,6124,8925105.862861253,38.17588353161638,2
panel_direct_raw_gr_a1000,25050f63,6124,8928236.36475227,38.18257808514244,2
panel_direct_phase_a100,25050f63,6124,7502975.496437946,35.00250876619869,2
panel_direct_phase_a1000,25050f63,6124,8775521.896104377,37.8546195780707,2
panel_direct_phase_a10000,25050f63,6124,8893053.776112795,38.10727273315226,2
panel_direct_geom_a1000,d90aa14c,10018,1518865.687367587,12.313150049491979,2
panel_direct_raw_gr_a1000,d90aa14c,10018,1513653.0658223806,12.292003033387479,2
panel_direct_phase_a100,d90aa14c,10018,1575088.8309730673,12.538974300937518,2
panel_direct_phase_a1000,d90aa14c,10018,1543135.560638796,12.411135755463585,2
panel_direct_phase_a10000,d90aa14c,10018,1467994.5844171592,12.105192860593755,2
panel_direct_geom_a1000,dafc88c3,5572,227823.55443939415,6.394311037687854,2
panel_direct_raw_gr_a1000,dafc88c3,5572,227326.28774368417,6.387328847276109,2
panel_direct_phase_a100,dafc88c3,5572,303643.3992069838,7.382039563240086,2
panel_direct_phase_a1000,dafc88c3,5572,236914.50112128234,6.5206406654526265,2
panel_direct_phase_a10000,dafc88c3,5572,252517.3678261353,6.731937464201482,2
panel_direct_geom_a1000,d1457cc5,6920,471310.8378161472,8.252787563883354,2
panel_direct_raw_gr_a1000,d1457cc5,6920,484077.43690399977,8.36381413207145,2
panel_direct_phase_a100,d1457cc5,6920,475648.56055702956,8.290677965097789,2
panel_direct_phase_a1000,d1457cc5,6920,491484.37029896415,8.427559132594462,2
panel_direct_phase_a10000,d1457cc5,6920,464377.3704137253,8.191859155171578,2
panel_direct_geom_a1000,08fecf00,5574,159245.8397477181,5.3450351490068595,2
panel_direct_raw_gr_a1000,08fecf00,5574,157190.19906643534,5.310424635318516,2
panel_direct_phase_a100,08fecf00,5574,175977.23959692326,5.618815455077139,2
panel_direct_phase_a1000,08fecf00,5574,160278.99404392974,5.362345862349592,2
panel_direct_phase_a10000,08fecf00,5574,134172.01691734913,4.9062253483226135,2
panel_direct_geom_a1000,d7ba4f9d,6023,219905.53503057486,6.0424302900810485,2
panel_direct_raw_gr_a1000,d7ba4f9d,6023,218043.97245184093,6.016800492841079,2
panel_direct_phase_a100,d7ba4f9d,6023,333817.1570130314,7.444711893953096,2
panel_direct_phase_a1000,d7ba4f9d,6023,220728.63165659216,6.053728002010808,2
panel_direct_phase_a10000,d7ba4f9d,6023,171076.48545425845,5.329527754786076,2
panel_direct_geom_a1000,5aa403d0,3118,2271958.3364298376,26.9936819184011,2
panel_direct_raw_gr_a1000,5aa403d0,3118,2271493.4588485896,26.990920116095836,2
panel_direct_phase_a100,5aa403d0,3118,2395421.7195297526,27.717428512374653,2
panel_direct_phase_a1000,5aa403d0,3118,2245893.5987274377,26.83839455516535,2
panel_direct_phase_a10000,5aa403d0,3118,2115061.2628183085,26.044943533231802,2
panel_direct_geom_a1000,0dc5e64d,4879,1499006.231629686,17.52815924142176,2
panel_direct_raw_gr_a1000,0dc5e64d,4879,1491472.496492233,17.48405707471262,2
panel_direct_phase_a100,0dc5e64d,4879,1546009.4824049438,17.80084700830109,2
panel_direct_phase_a1000,0dc5e64d,4879,1534570.8035178303,17.734871925478448,2
panel_direct_phase_a10000,0dc5e64d,4879,1561810.5359160271,17.891582899753367,2
panel_direct_geom_a1000,940a48d9,3963,459806.55462133454,10.771484052382142,2
panel_direct_raw_gr_a1000,940a48d9,3963,458317.4994664979,10.754028515526988,2
panel_direct_phase_a100,940a48d9,3963,438724.60244218167,10.521652601426146,2
panel_direct_phase_a1000,940a48d9,3963,452906.3774811319,10.69035634433648,2
panel_direct_phase_a10000,940a48d9,3963,415639.03196944087,10.24108866478462,2
panel_direct_geom_a1000,3932faa6,5452,935144.1385807267,13.096684168267993,2
panel_direct_raw_gr_a1000,3932faa6,5452,932149.5013605471,13.075697421254107,2
panel_direct_phase_a100,3932faa6,5452,961796.8743782742,13.28200860012629,2
panel_direct_phase_a1000,3932faa6,5452,935645.7467968509,13.100196206357255,2
panel_direct_phase_a10000,3932faa6,5452,937892.8564333052,13.11591792775278,2
panel_direct_geom_a1000,c84c65be,8496,904024.916548783,10.315325778736556,2
panel_direct_raw_gr_a1000,c84c65be,8496,903796.8880956057,10.314024743729588,2
panel_direct_phase_a100,c84c65be,8496,1020007.8340536384,10.957071655439417,2
panel_direct_phase_a1000,c84c65be,8496,945856.8107162494,10.551287233237371,2
panel_direct_phase_a10000,c84c65be,8496,840636.4068913058,9.947108280618048,2
panel_direct_geom_a1000,86454a6f,7964,38283813.658004776,69.33331591943606,2
panel_direct_raw_gr_a1000,86454a6f,7964,38260611.78168224,69.31230303339625,2
panel_direct_phase_a100,86454a6f,7964,36463838.399471134,67.66523054972885,2
panel_direct_phase_a1000,86454a6f,7964,38410734.25787159,69.44814962923859,2
panel_direct_phase_a10000,86454a6f,7964,39121234.792069085,70.08751327329563,2
panel_direct_geom_a1000,54a7e3c2,6155,855793.0789844375,11.791535323177026,2
panel_direct_raw_gr_a1000,54a7e3c2,6155,857117.3383181181,11.800654942777202,2
panel_direct_phase_a100,54a7e3c2,6155,541166.0760987467,9.376726603842528,2
panel_direct_phase_a1000,54a7e3c2,6155,815197.2522545543,11.508462977580677,2
panel_direct_phase_a10000,54a7e3c2,6155,791829.4215618873,11.34231720037424,2
panel_direct_geom_a1000,ae069086,4770,887793.6545193186,13.64259004008966,2
panel_direct_raw_gr_a1000,ae069086,4770,885217.6886924802,13.622783424741701,2
panel_direct_phase_a100,ae069086,4770,861991.5171560259,13.442879523597588,2
panel_direct_phase_a1000,ae069086,4770,953735.2267251556,14.140172982531848,2
panel_direct_phase_a10000,ae069086,4770,988436.564742597,14.395117422460105,2
panel_direct_geom_a1000,06df5958,3509,45128.1902728218,3.5861815740932386,2
panel_direct_raw_gr_a1000,06df5958,3509,45699.792381908395,3.6088217322575944,2
panel_direct_phase_a100,06df5958,3509,38242.91401753787,3.3012909734015228,2
panel_direct_phase_a1000,06df5958,3509,46926.73757366408,3.6569455761854996,2
panel_direct_phase_a10000,06df5958,3509,37295.95499290126,3.2601620067592787,2
panel_direct_geom_a1000,992c99e8,4904,830885.4254520098,13.016533480630217,2
panel_direct_raw_gr_a1000,992c99e8,4904,829524.8018367403,13.005871445420343,2
panel_direct_phase_a100,992c99e8,4904,667657.0106193495,11.668135827225159,2
panel_direct_phase_a1000,992c99e8,4904,755770.3994884029,12.414227743465965,2
panel_direct_phase_a10000,992c99e8,4904,885469.5067660958,13.437286412932039,2
panel_direct_geom_a1000,0955cd6c,5195,377407.62319324934,8.523393875422054,2
panel_direct_raw_gr_a1000,0955cd6c,5195,379544.5410839694,8.547489948765556,2
panel_direct_phase_a100,0955cd6c,5195,502806.15529034205,9.838015826250913,2
panel_direct_phase_a1000,0955cd6c,5195,471458.38537115185,9.526402047538609,2
panel_direct_phase_a10000,0955cd6c,5195,364933.3184317249,8.381350102131488,2
panel_direct_geom_a1000,8d92cb49,3589,150075.3101851641,6.466479359261227,2
panel_direct_raw_gr_a1000,8d92cb49,3589,150165.86391070063,6.46842996490175,2
panel_direct_phase_a100,8d92cb49,3589,178001.41704244615,7.04246991968317,2
panel_direct_phase_a1000,8d92cb49,3589,162725.0767793939,6.733494557018609,2
panel_direct_phase_a10000,8d92cb49,3589,176034.50950222378,7.003452348962337,2
panel_direct_geom_a1000,77e4821c,5393,1839974.7712062944,18.471013425269323,2
panel_direct_raw_gr_a1000,77e4821c,5393,1839220.5989878704,18.467227570938903,2
panel_direct_phase_a100,77e4821c,5393,2234000.2439855053,20.3529046479164,2
panel_direct_phase_a1000,77e4821c,5393,1916190.2423765664,18.849685215987222,2
panel_direct_phase_a10000,77e4821c,5393,1945707.0470694697,18.99430974093739,2
panel_direct_geom_a1000,7b2c7b3c,2584,129532.0014173592,7.080147139759869,2
panel_direct_raw_gr_a1000,7b2c7b3c,2584,131862.00336394148,7.143541632856133,2
panel_direct_phase_a100,7b2c7b3c,2584,152384.50647121097,7.679344517971624,2
panel_direct_phase_a1000,7b2c7b3c,2584,156611.19367226836,7.785117024604778,2
panel_direct_phase_a10000,7b2c7b3c,2584,114660.28229898452,6.661319258548782,2
panel_direct_geom_a1000,ab18d3fc,5694,1672952.439922016,17.140878082129184,2
panel_direct_raw_gr_a1000,ab18d3fc,5694,1675119.816254868,17.151977832432475,2
panel_direct_phase_a100,ab18d3fc,5694,1286773.0012604138,15.032881658400171,2
panel_direct_phase_a1000,ab18d3fc,5694,1586140.9324486426,16.69022360036286,2
panel_direct_phase_a10000,ab18d3fc,5694,1591135.7814355192,16.71648218100383,2
panel_direct_geom_a1000,84815d5a,3647,1360988.6989133344,19.317876169691182,2
panel_direct_raw_gr_a1000,84815d5a,3647,1372892.1734336,19.40217122561431,2
panel_direct_phase_a100,84815d5a,3647,792199.1587302063,14.738364966991709,2
panel_direct_phase_a1000,84815d5a,3647,1227418.2752390348,18.345451767648,2
panel_direct_phase_a10000,84815d5a,3647,1296489.2708683521,18.854567812896676,2
panel_direct_geom_a1000,0498acab,4798,137392.31864352513,5.351199034362452,2
panel_direct_raw_gr_a1000,0498acab,4798,138261.9959952816,5.368108550622994,2
panel_direct_phase_a100,0498acab,4798,113837.10774460873,4.870929061886375,2
panel_direct_phase_a1000,0498acab,4798,142694.91101561446,5.45348497163905,2
panel_direct_phase_a10000,0498acab,4798,164039.37186423462,5.847145850994316,2
panel_direct_geom_a1000,ea0b99b7,9239,1191950.0009214329,11.35838370022649,2
panel_direct_raw_gr_a1000,ea0b99b7,9239,1198834.7508053412,11.391139702875169,2
panel_direct_phase_a100,ea0b99b7,9239,904938.6955326553,9.896852462288985,2
panel_direct_phase_a1000,ea0b99b7,9239,1158041.9136711527,11.195658831522264,2
panel_direct_phase_a10000,ea0b99b7,9239,1313379.8810870247,11.922921815847074,2
panel_direct_geom_a1000,71642c7d,4648,501613.99508403847,10.388474132977379,2
panel_direct_raw_gr_a1000,71642c7d,4648,499554.41114390385,10.36712510527119,2
panel_direct_phase_a100,71642c7d,4648,245425.54571696278,7.266525852135918,2
panel_direct_phase_a1000,71642c7d,4648,410392.8519386478,9.396515494008462,2
panel_direct_phase_a10000,71642c7d,4648,588521.3470764292,11.252474838480017,2
panel_direct_geom_a1000,44441e54,4357,64975.89222402667,3.861733911748358,2
panel_direct_raw_gr_a1000,44441e54,4357,66243.98732824615,3.8992353825253256,2
panel_direct_phase_a100,44441e54,4357,79740.5901091,4.278050852642667,2
panel_direct_phase_a1000,44441e54,4357,67028.97193197988,3.9222701177107124,2
panel_direct_phase_a10000,44441e54,4357,58104.49034685244,3.6518343395264528,2
panel_direct_geom_a1000,8f201368,6349,6392176.695855145,31.730120557840312,2
panel_direct_raw_gr_a1000,8f201368,6349,6392833.569335415,31.731750842818354,2
panel_direct_phase_a100,8f201368,6349,6180405.60271573,31.200088451911608,2
panel_direct_phase_a1000,8f201368,6349,6535784.984827131,32.084569363589544,2
panel_direct_phase_a10000,8f201368,6349,6295808.001708476,31.490029977497553,2
panel_direct_geom_a1000,1550491d,4563,1718578.692961248,19.407047872203915,2
panel_direct_raw_gr_a1000,1550491d,4563,1717155.2148283906,19.39900889464,2
panel_direct_phase_a100,1550491d,4563,1055580.5968988056,15.209693588975584,2
panel_direct_phase_a1000,1550491d,4563,1723886.7393205632,19.43699531955753,2
panel_direct_phase_a10000,1550491d,4563,1976798.8718818047,20.814021933998983,2
panel_direct_geom_a1000,f49fdea3,5391,988949.9708886397,13.544173084348643,2
panel_direct_raw_gr_a1000,f49fdea3,5391,985216.2092846653,13.51858102336567,2
panel_direct_phase_a100,f49fdea3,5391,1099027.1958887735,14.278071543660714,2
panel_direct_phase_a1000,f49fdea3,5391,992708.1496784276,13.569883766713417,2
panel_direct_phase_a10000,f49fdea3,5391,877884.1551880692,12.760977395552118,2
panel_direct_geom_a1000,9c8375f7,3674,129848.1423774515,5.944951206663158,2
panel_direct_raw_gr_a1000,9c8375f7,3674,133497.72686998599,6.027918327732221,2
panel_direct_phase_a100,9c8375f7,3674,204675.29422423447,7.463854001473833,2
panel_direct_phase_a1000,9c8375f7,3674,135625.90727841054,6.075775974788015,2
panel_direct_phase_a10000,9c8375f7,3674,127710.19889178034,5.895806405985453,2
