lag_ft,n_windows,rms_residual_surface_change_ft,mean_residual_surface_change_ft,beta_x,beta_y
1,220724,0.031424243303391,0.0008605273849022398,-0.014912822194143565,0.03168469514936317
2,220676,0.053262654679243085,0.0018026150323465079,-0.014912822194143565,0.03168469514936317
3,220627,0.07268529831095015,0.0027908485223094317,-0.014912822194143565,0.03168469514936317
4,220588,0.09301961555879786,0.003634923982063776,-0.014912822194143565,0.03168469514936317
5,220537,0.11145895885472525,0.0045216567549711695,-0.014912822194143565,0.03168469514936317
6,220498,0.13680108698156526,0.0054870061246904776,-0.014912822194143565,0.03168469514936317
7,220459,0.1568232115489717,0.0064137947736519155,-0.014912822194143565,0.03168469514936317
8,220428,0.17728999791586048,0.007287683874337551,-0.014912822194143565,0.03168469514936317
9,220389,0.19572183637616247,0.008212126758388845,-0.014912822194143565,0.03168469514936317
10,220353,0.2147296857114207,0.009192709560475932,-0.014912822194143565,0.03168469514936317
11,220318,0.23456693641847462,0.009968131473673845,-0.014912822194143565,0.03168469514936317
12,220285,0.25653267276561115,0.011124264723160871,-0.014912822194143565,0.03168469514936317
13,220248,0.27589547467502606,0.01183540637035367,-0.014912822194143565,0.03168469514936317
14,220215,0.29482599553025596,0.012700483478172245,-0.014912822194143565,0.03168469514936317
15,220193,0.3138414211195955,0.013558928249354884,-0.014912822194143565,0.03168469514936317
16,220155,0.3324404523654648,0.014293102460151034,-0.014912822194143565,0.03168469514936317
17,220115,0.35014806696344564,0.015221491252120703,-0.014912822194143565,0.03168469514936317
18,220072,0.36834949820636814,0.016072582992718774,-0.014912822194143565,0.03168469514936317
19,220033,0.3867774660300228,0.01703323518497436,-0.014912822194143565,0.03168469514936317
20,219997,0.40548684324987,0.017846878070536587,-0.014912822194143565,0.03168469514936317
21,219953,0.42351471325000706,0.018687972307270668,-0.014912822194143565,0.03168469514936317
22,219905,0.4417327088110657,0.019613435405673455,-0.014912822194143565,0.03168469514936317
23,219856,0.45968338850400303,0.020599822012798866,-0.014912822194143565,0.03168469514936317
24,219817,0.4776781689057817,0.0214174742122597,-0.014912822194143565,0.03168469514936317
25,219766,0.4952279858516659,0.02228564348005709,-0.014912822194143565,0.03168469514936317
26,219727,0.5144345218577555,0.02323756667737024,-0.014912822194143565,0.03168469514936317
27,219688,0.5324528945795016,0.02416864805486502,-0.014912822194143565,0.03168469514936317
28,219657,0.5507375394567715,0.025027030983173847,-0.014912822194143565,0.03168469514936317
29,219618,0.5684548474188557,0.025938778144510934,-0.014912822194143565,0.03168469514936317
30,219582,0.5862620519298035,0.02691368105726395,-0.014912822194143565,0.03168469514936317
31,219547,0.6044190296536326,0.02766636686798824,-0.014912822194143565,0.03168469514936317
32,219514,0.6233742103329385,0.0288192971680135,-0.014912822194143565,0.03168469514936317
33,219477,0.6412661024827513,0.02950959466568752,-0.014912822194143565,0.03168469514936317
34,219444,0.6590079664567765,0.03037980147177486,-0.014912822194143565,0.03168469514936317
35,219422,0.6766714368194067,0.03125577197420767,-0.014912822194143565,0.03168469514936317
36,219384,0.6943644733441565,0.03198185085769066,-0.014912822194143565,0.03168469514936317
37,219344,0.711557873823854,0.03289722615628685,-0.014912822194143565,0.03168469514936317
38,219301,0.728956378200676,0.033757163318563044,-0.014912822194143565,0.03168469514936317
39,219262,0.7464508013934245,0.03471695413721775,-0.014912822194143565,0.03168469514936317
40,219226,0.7640376173502111,0.035523382635414345,-0.014912822194143565,0.03168469514936317
41,219182,0.7811908785298014,0.03633443040097224,-0.014912822194143565,0.03168469514936317
42,219134,0.7985588640616318,0.037250282551713323,-0.014912822194143565,0.03168469514936317
43,219085,0.8157888229785607,0.03824372942146864,-0.014912822194143565,0.03168469514936317
44,219046,0.8330132530063317,0.03904274440175135,-0.014912822194143565,0.03168469514936317
45,218995,0.8499364504500657,0.03990277700726856,-0.014912822194143565,0.03168469514936317
46,218956,0.8678190021433387,0.040853204361278025,-0.014912822194143565,0.03168469514936317
47,218917,0.8850171588856054,0.041803606891610216,-0.014912822194143565,0.03168469514936317
48,218886,0.9023615124556565,0.04266754494605842,-0.014912822194143565,0.03168469514936317
49,218847,0.9193698624280575,0.043571161983324315,-0.014912822194143565,0.03168469514936317
50,218811,0.9363650089194825,0.044533721315818224,-0.014912822194143565,0.03168469514936317
51,218776,0.9535381901272652,0.04525821735843821,-0.014912822194143565,0.03168469514936317
52,218743,0.9712332990616138,0.046419251637352346,-0.014912822194143565,0.03168469514936317
53,218706,0.9882076376441535,0.047094168005858396,-0.014912822194143565,0.03168469514936317
54,218673,1.0051286406534479,0.04797184639385395,-0.014912822194143565,0.03168469514936317
55,218651,1.0219134426900969,0.04887304718975768,-0.014912822194143565,0.03168469514936317
56,218613,1.0388530577513746,0.04958925871785216,-0.014912822194143565,0.03168469514936317
57,218573,1.0554713169207979,0.05050543449093824,-0.014912822194143565,0.03168469514936317
58,218530,1.0722358082591894,0.0513892057630524,-0.014912822194143565,0.03168469514936317
59,218491,1.0890017646912808,0.052349643287238415,-0.014912822194143565,0.03168469514936317
60,218455,1.105869102843356,0.053151144116437156,-0.014912822194143565,0.03168469514936317
61,218411,1.1222950573569208,0.053941596224701974,-0.014912822194143565,0.03168469514936317
62,218363,1.1389790481384447,0.05485204673822849,-0.014912822194143565,0.03168469514936317
63,218314,1.1555625794509539,0.055854915588330625,-0.014912822194143565,0.03168469514936317
64,218275,1.1721312700675464,0.05663756330249012,-0.014912822194143565,0.03168469514936317
65,218224,1.188426053597779,0.05749167534222735,-0.014912822194143565,0.03168469514936317
66,218185,1.205462774540887,0.05844654191516334,-0.014912822194143565,0.03168469514936317
67,218146,1.221982824264515,0.05942013491702198,-0.014912822194143565,0.03168469514936317
68,218115,1.2385702017828888,0.06031297812121295,-0.014912822194143565,0.03168469514936317
69,218076,1.2549336854236923,0.061209696352603024,-0.014912822194143565,0.03168469514936317
70,218040,1.271252259048933,0.062173101677729554,-0.014912822194143565,0.03168469514936317
71,218005,1.2877033725659557,0.06288575060833312,-0.014912822194143565,0.03168469514936317
72,217972,1.304496207073002,0.06405274959852632,-0.014912822194143565,0.03168469514936317
73,217935,1.3207096263788016,0.06471178552909208,-0.014912822194143565,0.03168469514936317
74,217902,1.3369435951035982,0.06559964861988883,-0.014912822194143565,0.03168469514936317
75,217880,1.3530466926947173,0.06653020567253796,-0.014912822194143565,0.03168469514936317
76,217842,1.369409843952267,0.06724564717086769,-0.014912822194143565,0.03168469514936317
77,217802,1.3854799329750027,0.0681706645042296,-0.014912822194143565,0.03168469514936317
78,217759,1.4016687688212013,0.06909182096710104,-0.014912822194143565,0.03168469514936317
79,217720,1.4177999089133304,0.0700554146083263,-0.014912822194143565,0.03168469514936317
80,217684,1.4340084299762679,0.0708611325900775,-0.014912822194143565,0.03168469514936317
81,217640,1.449723734416417,0.0716517026581739,-0.014912822194143565,0.03168469514936317
82,217592,1.4657624207640265,0.07254717058399936,-0.014912822194143565,0.03168469514936317
83,217543,1.4817414116864869,0.07355983329590546,-0.014912822194143565,0.03168469514936317
84,217504,1.4977592545106506,0.074324762398935,-0.014912822194143565,0.03168469514936317
85,217453,1.5137472670328114,0.07518508515200754,-0.014912822194143565,0.03168469514936317
86,217414,1.5302904721386386,0.07615462797518921,-0.014912822194143565,0.03168469514936317
87,217375,1.546363596110987,0.07715786317120071,-0.014912822194143565,0.03168469514936317
88,217344,1.5624899701828112,0.07806645662531733,-0.014912822194143565,0.03168469514936317
89,217305,1.5784041062805276,0.07896582948225186,-0.014912822194143565,0.03168469514936317
90,217269,1.5942582189933063,0.07993055569327326,-0.014912822194143565,0.03168469514936317
91,217234,1.610179541534885,0.08063935752608696,-0.014912822194143565,0.03168469514936317
92,217201,1.626342003178777,0.08181877889452135,-0.014912822194143565,0.03168469514936317
93,217164,1.642020346171739,0.08247703893262219,-0.014912822194143565,0.03168469514936317
94,217131,1.6577632616031983,0.08338246677799846,-0.014912822194143565,0.03168469514936317
95,217109,1.673353649368426,0.08434642575188782,-0.014912822194143565,0.03168469514936317
96,217071,1.6892431621711692,0.08506844014136762,-0.014912822194143565,0.03168469514936317
97,217031,1.7048694972223553,0.08599514830013547,-0.014912822194143565,0.03168469514936317
98,216988,1.7206101278706538,0.0869532305964056,-0.014912822194143565,0.03168469514936317
99,216949,1.7362513234732084,0.0879246773031086,-0.014912822194143565,0.03168469514936317
100,216913,1.7519918038834221,0.08873621690010214,-0.014912822194143565,0.03168469514936317
101,216869,1.7672178547092783,0.089516678772885,-0.014912822194143565,0.03168469514936317
102,216821,1.7827841695631808,0.0904129343887949,-0.014912822194143565,0.03168469514936317
103,216772,1.7983109101022907,0.09145522357695794,-0.014912822194143565,0.03168469514936317
104,216733,1.81389175511029,0.09220955159162207,-0.014912822194143565,0.03168469514936317
105,216682,1.8294487225698044,0.0930754188942688,-0.014912822194143565,0.03168469514936317
106,216643,1.8454877298066978,0.09406482059250051,-0.014912822194143565,0.03168469514936317
107,216604,1.8611338255639598,0.09509952264897584,-0.014912822194143565,0.03168469514936317
108,216573,1.8768171816142802,0.09603528226283178,-0.014912822194143565,0.03168469514936317
109,216534,1.892303235520837,0.09693259909827512,-0.014912822194143565,0.03168469514936317
110,216498,1.9077001272985539,0.09789865777526223,-0.014912822194143565,0.03168469514936317
111,216463,1.9231515648161788,0.09862135270809495,-0.014912822194143565,0.03168469514936317
112,216430,1.9387825839395532,0.09981494446427215,-0.014912822194143565,0.03168469514936317
113,216393,1.953941446176589,0.10047479499746802,-0.014912822194143565,0.03168469514936317
114,216360,1.9692375756607157,0.10140125160257545,-0.014912822194143565,0.03168469514936317
115,216338,1.9844098409004085,0.10240342937408245,-0.014912822194143565,0.03168469514936317
116,216300,1.999898247182147,0.10314210491172861,-0.014912822194143565,0.03168469514936317
117,216260,2.0151246149583457,0.10407572620989954,-0.014912822194143565,0.03168469514936317
118,216217,2.03047701233979,0.10506254168425086,-0.014912822194143565,0.03168469514936317
119,216178,2.045688827077302,0.106053697027421,-0.014912822194143565,0.03168469514936317
120,216142,2.061018305575674,0.10687634923178214,-0.014912822194143565,0.03168469514936317
121,216098,2.0759168090585747,0.10766268867427123,-0.014912822194143565,0.03168469514936317
122,216050,2.091085889433617,0.10857527336037272,-0.014912822194143565,0.03168469514936317
123,216001,2.1062193516439827,0.1096559970490309,-0.014912822194143565,0.03168469514936317
124,215962,2.121419927244235,0.11040990887235193,-0.014912822194143565,0.03168469514936317
125,215911,2.136622647232385,0.11130351745021876,-0.014912822194143565,0.03168469514936317
126,215872,2.1522134940441466,0.11231084995676859,-0.014912822194143565,0.03168469514936317
127,215833,2.1675239900533545,0.1133920313759396,-0.014912822194143565,0.03168469514936317
128,215802,2.182848241406977,0.11435749864294215,-0.014912822194143565,0.03168469514936317
129,215763,2.197974237578423,0.11526557202904972,-0.014912822194143565,0.03168469514936317
130,215727,2.2129745511651704,0.11624369071202895,-0.014912822194143565,0.03168469514936317
131,215692,2.22803188549671,0.1169758795864466,-0.014912822194143565,0.03168469514936317
132,215659,2.2432544215345898,0.11819554064712665,-0.014912822194143565,0.03168469514936317
133,215622,2.2580015444606456,0.11887583898678329,-0.014912822194143565,0.03168469514936317
134,215589,2.2729208608938642,0.11984238140203336,-0.014912822194143565,0.03168469514936317
135,215567,2.2877473876549526,0.12089102066972096,-0.014912822194143565,0.03168469514936317
136,215529,2.3029230065643214,0.12163926088849535,-0.014912822194143565,0.03168469514936317
137,215489,2.317798105115272,0.1225819856296994,-0.014912822194143565,0.03168469514936317
138,215446,2.332821291257676,0.12360712541285131,-0.014912822194143565,0.03168469514936317
139,215407,2.3476896660053757,0.12462458871715636,-0.014912822194143565,0.03168469514936317
140,215371,2.362681833741572,0.12546367116191956,-0.014912822194143565,0.03168469514936317
141,215327,2.3772177447548617,0.12625288226880024,-0.014912822194143565,0.03168469514936317
142,215279,2.39203989108007,0.1271813371571249,-0.014912822194143565,0.03168469514936317
143,215230,2.4068282249804684,0.12828562283700604,-0.014912822194143565,0.03168469514936317
144,215191,2.421705021745985,0.12904250520158997,-0.014912822194143565,0.03168469514936317
145,215140,2.436597765256634,0.12996672715894045,-0.014912822194143565,0.03168469514936317
146,215101,2.451836624530358,0.1310018239673527,-0.014912822194143565,0.03168469514936317
147,215062,2.4668782986894473,0.13209171113577506,-0.014912822194143565,0.03168469514936317
148,215031,2.4818992339919945,0.13308145089489057,-0.014912822194143565,0.03168469514936317
149,214992,2.4967264527699693,0.13400122474464438,-0.014912822194143565,0.03168469514936317
150,214956,2.511383033769968,0.13499193453154149,-0.014912822194143565,0.03168469514936317
151,214921,2.5261025553466503,0.1357331657972508,-0.014912822194143565,0.03168469514936317
152,214888,2.5409922245405347,0.13697435929632867,-0.014912822194143565,0.03168469514936317
153,214851,2.5554157444933003,0.1376651071834287,-0.014912822194143565,0.03168469514936317
154,214818,2.570028096483514,0.13867244586723002,-0.014912822194143565,0.03168469514936317
155,214796,2.584561478009678,0.1397615901875692,-0.014912822194143565,0.03168469514936317
156,214758,2.5994014601021944,0.14052860569239875,-0.014912822194143565,0.03168469514936317
157,214718,2.614006431046188,0.14148629640533952,-0.014912822194143565,0.03168469514936317
158,214675,2.628748938087328,0.14255142568503104,-0.014912822194143565,0.03168469514936317
159,214636,2.643326124854632,0.14359429343049326,-0.014912822194143565,0.03168469514936317
160,214600,2.658034890256991,0.14444470115286362,-0.014912822194143565,0.03168469514936317
161,214556,2.672345316117002,0.1452333665201518,-0.014912822194143565,0.03168469514936317
162,214508,2.6868721802008952,0.1461698927915113,-0.014912822194143565,0.03168469514936317
163,214459,2.7013681679397124,0.14729077302803845,-0.014912822194143565,0.03168469514936317
164,214420,2.715972538215717,0.14804488556662676,-0.014912822194143565,0.03168469514936317
165,214369,2.730609006964719,0.14899323317470461,-0.014912822194143565,0.03168469514936317
166,214330,2.745559911363314,0.15004791999672887,-0.014912822194143565,0.03168469514936317
167,214291,2.760355442568066,0.1511716058508536,-0.014912822194143565,0.03168469514936317
168,214260,2.775135418787192,0.15218444471140116,-0.014912822194143565,0.03168469514936317
169,214221,2.7897176165755124,0.1531112818900703,-0.014912822194143565,0.03168469514936317
170,214185,2.804084378383821,0.1541181188168703,-0.014912822194143565,0.03168469514936317
171,214150,2.81852097689794,0.15486585378245962,-0.014912822194143565,0.03168469514936317
172,214117,2.833130069450572,0.1561249111619301,-0.014912822194143565,0.03168469514936317
173,214080,2.8472449937054423,0.15683361280781016,-0.014912822194143565,0.03168469514936317
174,214047,2.8615721158870975,0.1578832311225249,-0.014912822194143565,0.03168469514936317
175,214025,2.875839876416703,0.15901295483799038,-0.014912822194143565,0.03168469514936317
176,213987,2.8904430640611847,0.15980627254134858,-0.014912822194143565,0.03168469514936317
177,213947,2.9048106555103335,0.16078192530919455,-0.014912822194143565,0.03168469514936317
178,213904,2.919310142632742,0.16189227269755366,-0.014912822194143565,0.03168469514936317
179,213865,2.933639195679226,0.1629557808239273,-0.014912822194143565,0.03168469514936317
180,213829,2.9480826556790447,0.1638131401607945,-0.014912822194143565,0.03168469514936317
181,213785,2.96213428287993,0.164609356509845,-0.014912822194143565,0.03168469514936317
182,213737,2.9763884853469444,0.16554896237313985,-0.014912822194143565,0.03168469514936317
183,213688,2.9906047226425643,0.16668503397458395,-0.014912822194143565,0.03168469514936317
184,213649,3.0049468655353597,0.16744360077654244,-0.014912822194143565,0.03168469514936317
185,213598,3.019337762974294,0.16841456299707142,-0.014912822194143565,0.03168469514936317
186,213559,3.0340154239517383,0.16948895304435874,-0.014912822194143565,0.03168469514936317
187,213520,3.048575949669697,0.1706421769940162,-0.014912822194143565,0.03168469514936317
188,213489,3.063123109592115,0.1716767813758721,-0.014912822194143565,0.03168469514936317
189,213450,3.077466992863762,0.17260218424278267,-0.014912822194143565,0.03168469514936317
190,213414,3.091566810837661,0.17363079844769227,-0.014912822194143565,0.03168469514936317
191,213379,3.1057407987480405,0.17438402138781797,-0.014912822194143565,0.03168469514936317
192,213346,3.120087685703774,0.17565716576038093,-0.014912822194143565,0.03168469514936317
193,213309,3.1338840806673307,0.1763854689167274,-0.014912822194143565,0.03168469514936317
194,213276,3.147956881278595,0.17746884004099397,-0.014912822194143565,0.03168469514936317
195,213254,3.161978657387757,0.17863797370960074,-0.014912822194143565,0.03168469514936317
196,213216,3.1763709804242866,0.17945101198667587,-0.014912822194143565,0.03168469514936317
197,213176,3.1905180374012905,0.18043876906884426,-0.014912822194143565,0.03168469514936317
198,213133,3.204789814647828,0.18159098170751442,-0.014912822194143565,0.03168469514936317
199,213094,3.2188993078721664,0.18266502119845637,-0.014912822194143565,0.03168469514936317
200,213058,3.2331233587115156,0.18351522136173157,-0.014912822194143565,0.03168469514936317
250,211101,3.9280200864897505,0.23350389623213544,-0.014912822194143565,0.03168469514936317
300,209203,4.600601003073825,0.2843526496291402,-0.014912822194143565,0.03168469514936317
400,205348,5.897613160889673,0.38684510613221085,-0.014912822194143565,0.03168469514936317
500,201493,7.142343216758149,0.4882359738865273,-0.014912822194143565,0.03168469514936317
750,191826,10.091377693195673,0.7400214417227211,-0.014912822194143565,0.03168469514936317
1000,182218,12.859716079014508,0.9945448553470088,-0.014912822194143565,0.03168469514936317
1500,162961,18.005272150966924,1.4856067605670342,-0.014912822194143565,0.03168469514936317
2000,143723,22.737330678503817,1.9558294618604426,-0.014912822194143565,0.03168469514936317
3000,105395,31.488377709864743,2.5482029199031735,-0.014912822194143565,0.03168469514936317
4000,68078,39.33353683787437,2.265793721323256,-0.014912822194143565,0.03168469514936317
5000,36169,46.613812294779564,1.1351242956627408,-0.014912822194143565,0.03168469514936317
