key,code
s11:CPEX-00016,skill-match
s05:CPEX-00018,cost-speed
s02:CPEX-00008,skill-match
s18:CPEX-00007,skill-match
s21:CPEX-00019,skill-match
s24:CPEX-00001,skill-match
s12:CPEX-00014,skill-match
s15:CPEX-00000,skill-match
s05:CPEX-00011,skill-match
s15:CPEX-00006,skill-match
s01:CPEX-00018,other
s04:CPEX-00003,skill-match
s04:CPEX-00013,skill-match
s17:CPEX-00001,skill-match
s05:CPEX-00004,skill-match
s17:CPEX-00010,skill-match
s11:CPEX-00007,skill-match
s21:CPEX-00018,skill-match
s19:CPEX-00013,skill-match
s11:CPEX-00010,skill-match
s13:CPEX-00002,skill-match
s04:CPEX-00017,skill-match
s10:CPEX-00019,skill-match
s10:CPEX-00011,skill-match
s25:CPEX-00014,skill-match
s19:CPEX-00004,skill-match
s08:CPEX-00010,skill-match
s10:CPEX-00009,cost-speed
s04:CPEX-00016,skill-match
s19:CPEX-00014,skill-match
s14:CPEX-00007,skill-match
s06:CPEX-00006,skill-match
s17:CPEX-00002,skill-match
s19:CPEX-00000,skill-match
s05:CPEX-00012,skill-match
s01:CPEX-00006,other
s03:CPEX-00004,skill-match
s15:CPEX-00009,skill-match
s08:CPEX-00001,skill-match
s23:CPEX-00009,skill-match
s01:CPEX-00019,other
s12:CPEX-00009,skill-match
s03:CPEX-00001,skill-match
s13:CPEX-00001,skill-match
s10:CPEX-00002,cost-speed
s18:CPEX-00016,skill-match
s09:CPEX-00015,skill-match
s11:CPEX-00006,skill-match
s23:CPEX-00013,skill-match
s23:CPEX-00006,skill-match
s03:CPEX-00008,skill-match
s15:CPEX-00003,skill-match
s21:CPEX-00011,skill-match
s06:CPEX-00015,skill-match
s15:CPEX-00016,skill-match
s01:CPEX-00004,skill-match
s18:CPEX-00005,skill-match
s16:CPEX-00007,skill-match
s22:CPEX-00016,skill-match
s05:CPEX-00005,skill-match
s15:CPEX-00007,skill-match
s02:CPEX-00003,skill-match
s24:CPEX-00009,other
s13:CPEX-00013,skill-match
s16:CPEX-00010,skill-match
s03:CPEX-00002,cost-speed
s15:CPEX-00008,skill-match
s11:CPEX-00005,skill-match
s22:CPEX-00018,skill-match
s01:CPEX-00002,skill-match
s17:CPEX-00019,skill-match
s23:CPEX-00012,skill-match
s20:CPEX-00018,cost-speed
s23:CPEX-00004,skill-match
s19:CPEX-00010,skill-match
s08:CPEX-00008,skill-match
s09:CPEX-00019,skill-match
s17:CPEX-00003,skill-match
s16:CPEX-00011,skill-match
s20:CPEX-00007,skill-match
s16:CPEX-00006,skill-match
s16:CPEX-00013,skill-match
s12:CPEX-00006,skill-match
s06:CPEX-00013,skill-match
s13:CPEX-00007,skill-match
s10:CPEX-00015,skill-match
s07:CPEX-00014,skill-match
s21:CPEX-00014,skill-match
s14:CPEX-00008,skill-match
s13:CPEX-00003,skill-match
s06:CPEX-00004,skill-match
s01:CPEX-00005,other
s17:CPEX-00014,skill-match
s24:CPEX-00010,other
s13:CPEX-00006,skill-match
s05:CPEX-00010,skill-match
s07:CPEX-00002,skill-match
s09:CPEX-00003,skill-match
s18:CPEX-00003,skill-match
s12:CPEX-00008,skill-match
s05:CPEX-00000,skill-match
s06:CPEX-00009,skill-match
s24:CPEX-00014,other
s05:CPEX-00015,skill-match
s11:CPEX-00001,cost-speed
s25:CPEX-00012,skill-match
s09:CPEX-00011,skill-match
s02:CPEX-00005,skill-match
s03:CPEX-00014,skill-match
s03:CPEX-00003,skill-match
s23:CPEX-00016,skill-match
s18:CPEX-00002,skill-match
s19:CPEX-00019,skill-match
s08:CPEX-00017,skill-match
s13:CPEX-00010,skill-match
s22:CPEX-00010,skill-match
s13:CPEX-00009,skill-match
s05:CPEX-00014,skill-match
s08:CPEX-00011,skill-match
s19:CPEX-00016,skill-match
s13:CPEX-00000,skill-match
s10:CPEX-00004,skill-match
s03:CPEX-00013,skill-match
s24:CPEX-00018,other
s10:CPEX-00006,skill-match
s25:CPEX-00000,skill-match
s08:CPEX-00019,skill-match
s09:CPEX-00001,skill-match
s23:CPEX-00003,skill-match
s07:CPEX-00000,skill-match
s16:CPEX-00001,skill-match
s10:CPEX-00017,cost-speed
s17:CPEX-00015,skill-match
s01:CPEX-00009,other
s06:CPEX-00000,skill-match
s20:CPEX-00014,skill-match
s22:CPEX-00014,skill-match
s11:CPEX-00003,skill-match
s11:CPEX-00012,skill-match
s11:CPEX-00009,skill-match
s11:CPEX-00002,skill-match
s01:CPEX-00007,other
s02:CPEX-00015,skill-match
s01:CPEX-00017,other
s13:CPEX-00016,skill-match
s06:CPEX-00014,skill-match
s14:CPEX-00015,skill-match
s22:CPEX-00007,skill-match
s20:CPEX-00016,skill-match
s14:CPEX-00010,skill-match
s14:CPEX-00018,skill-match
s22:CPEX-00003,skill-match
s04:CPEX-00000,skill-match
s23:CPEX-00019,skill-match
s03:CPEX-00007,skill-match
s03:CPEX-00016,skill-match
s01:CPEX-00014,other
s09:CPEX-00018,skill-match
s22:CPEX-00000,skill-match
s01:CPEX-00015,other
s19:CPEX-00001,skill-match
s09:CPEX-00005,skill-match
s02:CPEX-00006,skill-match
s08:CPEX-00018,skill-match
s24:CPEX-00013,other
s22:CPEX-00015,skill-match
s23:CPEX-00014,skill-match
s02:CPEX-00016,skill-match
s18:CPEX-00010,skill-match
s07:CPEX-00001,skill-match
s09:CPEX-00010,skill-match
s16:CPEX-00014,skill-match
s12:CPEX-00011,skill-match
s08:CPEX-00005,skill-match
s18:CPEX-00019,skill-match
s12:CPEX-00018,skill-match
s22:CPEX-00001,skill-match
s23:CPEX-00008,skill-match
s02:CPEX-00019,skill-match
s19:CPEX-00012,skill-match
s25:CPEX-00011,skill-match
s14:CPEX-00017,skill-match
s03:CPEX-00010,skill-match
s10:CPEX-00018,skill-match
s22:CPEX-00009,skill-match
s16:CPEX-00003,skill-match
s16:CPEX-00005,skill-match
s08:CPEX-00016,skill-match
s08:CPEX-00015,skill-match
s18:CPEX-00011,skill-match
s02:CPEX-00013,skill-match
s12:CPEX-00001,skill-match
s06:CPEX-00017,skill-match
s24:CPEX-00012,other
s13:CPEX-00008,skill-match
s07:CPEX-00012,skill-match
s22:CPEX-00019,skill-match
s16:CPEX-00017,skill-match
s02:CPEX-00011,cost-speed
s22:CPEX-00008,skill-match
s21:CPEX-00015,skill-match
s06:CPEX-00019,skill-match
s05:CPEX-00002,skill-match
s17:CPEX-00005,cost-speed
s17:CPEX-00004,skill-match
s14:CPEX-00003,skill-match
s11:CPEX-00000,skill-match
s09:CPEX-00012,skill-match
s04:CPEX-00001,skill-match
s20:CPEX-00002,skill-match
s24:CPEX-00016,other
s08:CPEX-00003,skill-match
s11:CPEX-00013,skill-match
s05:CPEX-00001,skill-match
s20:CPEX-00008,skill-match
s21:CPEX-00000,skill-match
s18:CPEX-00000,skill-match
s01:CPEX-00016,other
s15:CPEX-00019,skill-match
s10:CPEX-00010,skill-match
s12:CPEX-00012,skill-match
s02:CPEX-00012,skill-match
s04:CPEX-00006,skill-match
s05:CPEX-00013,cost-speed
s14:CPEX-00016,skill-match
s11:CPEX-00014,skill-match
s12:CPEX-00002,skill-match
s15:CPEX-00013,skill-match
s02:CPEX-00002,skill-match
s09:CPEX-00016,skill-match
s05:CPEX-00017,skill-match
s14:CPEX-00006,skill-match
s09:CPEX-00009,skill-match
s18:CPEX-00012,skill-match
s15:CPEX-00002,skill-match
s14:CPEX-00009,skill-match
s21:CPEX-00010,skill-match
s10:CPEX-00007,skill-match
s24:CPEX-00006,other
s04:CPEX-00014,skill-match
s04:CPEX-00009,skill-match
s03:CPEX-00018,skill-match
s07:CPEX-00018,skill-match
s16:CPEX-00015,skill-match
s18:CPEX-00015,skill-match
s08:CPEX-00004,skill-match
s10:CPEX-00014,skill-match
s08:CPEX-00013,skill-match
s18:CPEX-00009,skill-match
s22:CPEX-00002,skill-match
s17:CPEX-00011,skill-match
s23:CPEX-00010,skill-match
s21:CPEX-00005,skill-match
s16:CPEX-00002,skill-match
s14:CPEX-00012,skill-match
s04:CPEX-00012,skill-match
s07:CPEX-00013,skill-match
s12:CPEX-00017,skill-match
s04:CPEX-00011,skill-match
s01:CPEX-00008,other
s11:CPEX-00017,skill-match
s20:CPEX-00012,skill-match
s19:CPEX-00003,skill-match
s01:CPEX-00010,other
s05:CPEX-00008,skill-match
s19:CPEX-00005,skill-match
s12:CPEX-00013,skill-match
s14:CPEX-00011,skill-match
s01:CPEX-00001,skill-match
s05:CPEX-00003,cost-speed
s11:CPEX-00004,skill-match
s01:CPEX-00003,other
s18:CPEX-00004,skill-match
s09:CPEX-00013,skill-match
s17:CPEX-00018,skill-match
s08:CPEX-00006,skill-match
s15:CPEX-00005,skill-match
s13:CPEX-00011,skill-match
s20:CPEX-00004,skill-match
s01:CPEX-00000,cost-speed
s07:CPEX-00006,skill-match
s06:CPEX-00002,skill-match
s02:CPEX-00014,cost-speed
s08:CPEX-00009,skill-match
s07:CPEX-00003,skill-match
s14:CPEX-00000,skill-match
s17:CPEX-00017,skill-match
s07:CPEX-00017,skill-match
s25:CPEX-00015,skill-match
s04:CPEX-00018,skill-match
s07:CPEX-00011,skill-match
s02:CPEX-00004,skill-match
s24:CPEX-00004,other
s24:CPEX-00015,other
s09:CPEX-00000,skill-match
s02:CPEX-00017,skill-match
s15:CPEX-00017,skill-match
s04:CPEX-00002,skill-match
s13:CPEX-00018,skill-match
s09:CPEX-00017,skill-match
s04:CPEX-00007,skill-match
s21:CPEX-00012,skill-match
s22:CPEX-00017,skill-match
s20:CPEX-00005,skill-match
s25:CPEX-00004,skill-match
s05:CPEX-00016,skill-match
s16:CPEX-00009,skill-match
s12:CPEX-00000,skill-match
s09:CPEX-00014,skill-match
s25:CPEX-00008,skill-match
s13:CPEX-00015,skill-match
s04:CPEX-00005,skill-match
s16:CPEX-00004,skill-match
s21:CPEX-00001,skill-match
s02:CPEX-00007,skill-match
s24:CPEX-00002,other
s25:CPEX-00005,skill-match
s14:CPEX-00004,skill-match
s06:CPEX-00012,skill-match
s12:CPEX-00010,skill-match
s05:CPEX-00006,skill-match
s25:CPEX-00016,skill-match
s07:CPEX-00015,skill-match
s17:CPEX-00013,skill-match
s12:CPEX-00019,skill-match
s03:CPEX-00015,cost-speed
s25:CPEX-00013,skill-match
s25:CPEX-00010,skill-match
s18:CPEX-00017,skill-match
s06:CPEX-00003,skill-match
s03:CPEX-00012,skill-match
s03:CPEX-00011,skill-match
s09:CPEX-00006,skill-match
s15:CPEX-00018,skill-match
s18:CPEX-00014,skill-match
s08:CPEX-00000,skill-match
s12:CPEX-00004,skill-match
s25:CPEX-00001,skill-match
s08:CPEX-00014,skill-match
s23:CPEX-00002,skill-match
s20:CPEX-00019,skill-match
s15:CPEX-00004,skill-match
s04:CPEX-00019,skill-match
s06:CPEX-00016,skill-match
s20:CPEX-00011,skill-match
s12:CPEX-00015,skill-match
s10:CPEX-00005,skill-match
s12:CPEX-00003,skill-match
s24:CPEX-00019,other
s25:CPEX-00002,skill-match
s20:CPEX-00017,skill-match
s23:CPEX-00005,skill-match
s05:CPEX-00007,skill-match
s25:CPEX-00009,skill-match
s07:CPEX-00010,skill-match
s15:CPEX-00015,skill-match
s12:CPEX-00007,skill-match
s16:CPEX-00016,skill-match
s22:CPEX-00012,skill-match
s07:CPEX-00004,skill-match
s22:CPEX-00005,skill-match
s20:CPEX-00010,skill-match
s12:CPEX-00016,skill-match
s06:CPEX-00008,skill-match
s17:CPEX-00007,skill-match
s01:CPEX-00011,other
s16:CPEX-00018,skill-match
s08:CPEX-00007,skill-match
s19:CPEX-00008,skill-match
s01:CPEX-00013,other
s19:CPEX-00017,cost-speed
s24:CPEX-00005,other
s21:CPEX-00013,skill-match
s17:CPEX-00008,skill-match
s21:CPEX-00004,skill-match
s11:CPEX-00018,skill-match
s03:CPEX-00009,skill-match
s19:CPEX-00009,skill-match
s17:CPEX-00016,cost-speed
s19:CPEX-00018,skill-match
s19:CPEX-00007,skill-match
s10:CPEX-00012,skill-match
s16:CPEX-00012,cost-speed
s24:CPEX-00000,skill-match
s03:CPEX-00006,cost-speed
s15:CPEX-00012,skill-match
s23:CPEX-00007,skill-match
s23:CPEX-00000,skill-match
s21:CPEX-00007,skill-match
s22:CPEX-00013,skill-match
s02:CPEX-00018,skill-match
s09:CPEX-00007,skill-match
s21:CPEX-00017,skill-match
s03:CPEX-00000,skill-match
s08:CPEX-00012,skill-match
s06:CPEX-00001,skill-match
s20:CPEX-00013,skill-match
s25:CPEX-00007,skill-match
s21:CPEX-00016,skill-match
s23:CPEX-00001,skill-match
s25:CPEX-00017,skill-match
s05:CPEX-00019,skill-match
s11:CPEX-00015,skill-match
s10:CPEX-00000,skill-match
s10:CPEX-00001,skill-match
s03:CPEX-00019,skill-match
s17:CPEX-00006,skill-match
s07:CPEX-00007,skill-match
s21:CPEX-00003,skill-match
s18:CPEX-00001,skill-match
s11:CPEX-00008,skill-match
s17:CPEX-00000,skill-match
s21:CPEX-00002,cost-speed
s13:CPEX-00014,skill-match
s10:CPEX-00008,skill-match
s04:CPEX-00015,skill-match
s24:CPEX-00008,other
s20:CPEX-00000,skill-match
s19:CPEX-00002,skill-match
s19:CPEX-00015,skill-match
s13:CPEX-00017,skill-match
s07:CPEX-00019,skill-match
s16:CPEX-00008,skill-match
s09:CPEX-00002,skill-match
s21:CPEX-00006,skill-match
s18:CPEX-00008,skill-match
s10:CPEX-00013,skill-match
s07:CPEX-00009,skill-match
s24:CPEX-00011,other
s22:CPEX-00006,cost-speed
s06:CPEX-00018,skill-match
s12:CPEX-00005,skill-match
s11:CPEX-00011,skill-match
s18:CPEX-00006,skill-match
s09:CPEX-00008,skill-match
s14:CPEX-00019,skill-match
s15:CPEX-00010,skill-match
s02:CPEX-00010,skill-match
s21:CPEX-00008,skill-match
s19:CPEX-00006,skill-match
s06:CPEX-00005,skill-match
s08:CPEX-00002,skill-match
s13:CPEX-00012,skill-match
s20:CPEX-00009,skill-match
s05:CPEX-00009,skill-match
s07:CPEX-00016,skill-match
s25:CPEX-00018,skill-match
s04:CPEX-00008,skill-match
s20:CPEX-00015,skill-match
s23:CPEX-00015,skill-match
s06:CPEX-00010,skill-match
s04:CPEX-00010,skill-match
s20:CPEX-00003,skill-match
s16:CPEX-00019,skill-match
s21:CPEX-00009,skill-match
s13:CPEX-00005,skill-match
s02:CPEX-00009,skill-match
s20:CPEX-00006,skill-match
s04:CPEX-00004,skill-match
s14:CPEX-00001,skill-match
s13:CPEX-00004,skill-match
s18:CPEX-00018,skill-match
s24:CPEX-00007,other
s10:CPEX-00003,skill-match
s14:CPEX-00005,skill-match
s25:CPEX-00019,skill-match
s06:CPEX-00011,skill-match
s23:CPEX-00018,skill-match
s17:CPEX-00012,skill-match
s14:CPEX-00014,skill-match
s02:CPEX-00000,skill-match
s14:CPEX-00002,skill-match
s25:CPEX-00003,skill-match
s03:CPEX-00005,skill-match
s13:CPEX-00019,skill-match
s10:CPEX-00016,skill-match
s23:CPEX-00017,skill-match
s24:CPEX-00017,other
s20:CPEX-00001,skill-match
s25:CPEX-00006,skill-match
s16:CPEX-00000,skill-match
s07:CPEX-00008,skill-match
s23:CPEX-00011,skill-match
s22:CPEX-00004,skill-match
s02:CPEX-00001,skill-match
s09:CPEX-00004,skill-match
s22:CPEX-00011,skill-match
s06:CPEX-00007,skill-match
s17:CPEX-00009,skill-match
s19:CPEX-00011,skill-match
s15:CPEX-00011,skill-match
s03:CPEX-00017,skill-match
s01:CPEX-00012,other
s11:CPEX-00019,skill-match
s15:CPEX-00001,skill-match
s24:CPEX-00003,other
s18:CPEX-00013,skill-match
s15:CPEX-00014,skill-match
s14:CPEX-00013,skill-match
s07:CPEX-00005,skill-match
