mode,t_cycles,energy_units,feature
1,0,300,mode-1 initial value (digitized)
1,19000,30,mode-1 minimum during the exchange (digitized; identified by continuity, not a printed numeral)
1,28600,290,mode-1 first recurrence maximum (digitized)
2,2500,40,mode-2 early bump (digitized)
2,14000,265,mode-2 first maximum (digitized)
3,9400,210,mode-3 first maximum (digitized)
3,19000,193,mode-3 second maximum near 19k cycles (digitized)
4,6500,135,mode-4 first maximum (digitized)
4,22000,110,mode-4 second maximum (digitized)
5,5000,60,mode-5 first maximum (digitized)
6-31,0,20,higher modes never exceed 20 units (caption statement; digitized reference ceiling)
